A01nficha;A01uf;idade_calculada;E03;E05;id_genero
23;53;35;1;4;1
23;53;35;2;1;1
23;53;2;2;1;99999
23;53;0;2;1;99999
86;53;35;2;4;1
101;53;46;1;4;1
101;53;46;2;4;1
101;53;18;2;4;1
101;53;14;1;4;99999
123;53;70;2;4;1
123;53;65;1;4;1
123;53;38;1;4;1
140;53;50;2;2;1
140;53;52;1;1;1
140;53;17;2;4;99999
140;53;12;1;4;99999
143;53;50;2;2;1
143;53;21;2;4;1
143;53;23;1;2;1
143;53;1;1;2;99999
173;53;67;2;1;1
181;53;34;1;4;1
181;53;31;2;1;1
238;53;60;2;4;1
238;53;22;1;4;1
279;53;32;2;4;1
279;53;7;1;4;99999
304;53;47;2;2;1
304;53;20;2;4;1
304;53;10;1;2;99999
304;53;1;1;4;99999
344;53;63;1;1;1
344;53;59;2;1;1
344;53;36;2;1;1
344;53;19;2;1;1
348;53;41;2;2;1
348;53;45;1;2;1
348;53;16;1;2;99999
348;53;24;2;2;1
348;53;0;2;2;99999
397;53;42;1;4;1
398;53;36;2;4;1
398;53;16;1;4;99999
398;53;18;2;4;1
431;53;35;1;4;1
431;53;38;2;4;1
431;53;2;1;4;99999
442;53;22;2;5;1
442;53;22;1;4;1
443;53;71;2;4;1
443;53;40;1;4;1
447;53;35;2;1;1
447;53;30;1;1;1
447;53;3;2;1;99999
448;53;73;2;1;1
448;53;74;1;1;1
481;53;50;1;1;1
481;53;56;2;1;1
481;53;70;1;1;1
497;53;60;2;1;1
497;53;73;1;4;1
581;53;42;2;4;1
581;53;18;2;1;1
581;53;3;2;1;99999
610;53;55;1;4;1
622;53;48;2;4;1
622;53;49;1;1;1
648;53;40;1;1;1
768;53;69;2;4;1
783;53;40;2;1;1
783;53;41;1;1;1
783;53;8;2;1;99999
783;53;3;1;1;99999
848;53;42;1;5;1
848;53;35;2;4;1
848;53;11;2;4;99999
848;53;52;2;4;1
865;53;29;2;1;1
865;53;59;2;1;1
890;53;33;1;1;1
890;53;30;2;4;1
900;53;51;2;4;1
900;53;53;1;4;1
900;53;19;1;4;1
900;53;14;2;4;99999
963;53;78;1;4;1
967;53;56;1;1;1
967;53;45;2;1;1
967;53;5;2;1;99999
995;53;73;2;2;1
999;53;22;2;4;1
999;53;49;2;4;1
999;53;10;1;1;99999
999;53;5;1;4;99999
1003;53;44;2;1;1
1012;53;51;1;1;1
1012;53;47;2;1;1
1012;53;21;2;1;1
1012;53;1;1;1;99999
1022;53;33;2;2;1
1022;53;13;2;2;99999
1022;53;8;2;4;99999
1022;53;10;2;4;99999
1022;53;5;2;2;99999
1082;53;43;2;1;1
1115;53;32;2;2;1
1115;53;35;1;4;1
1115;53;6;2;4;99999
1115;53;3;2;1;99999
1115;53;1;1;2;99999
1128;53;36;2;1;1
1128;53;19;2;4;1
1136;53;46;2;4;1
1136;53;12;1;1;99999
1166;53;70;2;4;1
1166;53;72;1;4;1
1237;53;39;1;1;1
1237;53;32;2;1;1
1237;53;12;1;1;99999
1267;53;51;2;4;1
1267;53;49;1;4;1
1267;53;25;2;4;1
1267;53;25;2;4;1
1267;53;21;2;4;1
1267;53;20;1;4;1
1312;53;39;1;4;1
1312;53;39;2;1;1
1312;53;5;1;1;99999
1312;53;8;2;4;99999
1319;53;43;2;4;1
1319;53;15;1;4;99999
1319;53;4;2;4;99999
1319;53;12;2;4;99999
1324;53;27;1;1;3
1324;53;28;2;1;3
1325;53;79;1;1;1
1325;53;77;2;1;1
1325;53;46;1;1;1
1334;53;42;1;4;1
1334;53;41;2;2;1
1334;53;15;2;4;99999
1334;53;22;1;4;1
1334;53;8;2;4;99999
1397;53;29;1;4;1
1407;53;49;2;1;1
1408;53;58;1;4;1
1417;53;77;1;2;1
1417;53;74;2;4;1
1480;53;30;2;4;1
1480;53;19;1;4;1
1483;53;60;2;1;99999
1483;53;16;2;1;99999
1483;53;12;1;1;99999
1485;53;46;1;2;1
1485;53;39;2;2;1
1485;53;5;1;2;99999
1520;53;41;1;4;1
1520;53;16;1;4;99999
1520;53;11;1;4;99999
1520;53;4;1;4;99999
1530;53;34;2;4;1
1530;53;37;1;2;1
1530;53;11;2;4;99999
1530;53;0;1;4;99999
1564;53;22;2;2;1
1570;53;36;2;4;1
1593;53;43;2;1;1
1593;53;47;1;1;1
1593;53;13;1;1;99999
1594;53;51;2;4;1
1594;53;56;1;1;1
1594;53;24;1;4;1
1594;53;23;2;4;1
1594;53;22;1;4;1
1598;53;31;1;1;1
1598;53;28;2;4;1
1658;53;40;1;2;1
1658;53;16;2;1;99999
1658;53;18;1;2;1
1733;53;69;2;4;1
1733;53;70;1;1;1
1733;53;30;1;4;1
1733;53;33;1;4;1
1733;53;32;2;4;1
1733;53;7;1;4;99999
1774;53;62;1;4;1
1774;53;25;1;4;1
1774;53;12;1;4;99999
1794;53;62;2;2;1
1811;53;27;2;4;1
1811;53;26;1;1;1
1811;53;9;2;4;99999
1818;53;58;1;1;1
1818;53;48;2;4;1
1818;53;12;2;1;99999
1828;53;47;1;4;1
1828;53;46;2;1;1
1828;53;23;1;2;1
1828;53;20;2;4;1
1857;53;71;2;4;1
1857;53;39;1;4;1
1861;53;71;2;1;1
1861;53;36;1;1;1
1861;53;8;2;1;99999
1867;53;60;2;1;1
1867;53;78;1;4;1
1932;53;53;2;1;1
1932;53;23;1;4;1
1933;53;36;2;4;1
1933;53;3;1;4;99999
1933;53;6;2;4;99999
1934;53;44;2;4;1
1934;53;59;1;1;1
1934;53;14;2;2;99999
1934;53;9;1;1;99999
1968;53;68;1;4;2
1968;53;72;1;1;1
1971;53;66;1;4;1
1971;53;64;2;4;1
2006;53;64;2;4;1
2006;53;42;2;4;1
2014;53;64;2;4;1
2014;53;22;2;3;1
2034;53;73;1;4;1
2062;53;40;2;4;1
2062;53;42;1;1;1
2062;53;5;2;1;99999
2062;53;7;1;4;99999
2107;53;79;2;1;1
2144;53;65;1;1;1
2144;53;61;2;4;1
2144;53;29;1;1;1
2147;53;20;1;4;1
2147;53;20;2;2;1
2147;53;32;1;1;1
2164;53;81;2;1;1
2164;53;82;1;1;1
2166;53;72;2;4;1
2166;53;80;1;1;1
2166;53;41;1;4;1
2206;53;77;1;1;1
2206;53;72;2;1;1
2262;53;41;2;1;1
2262;53;51;1;4;1
2262;53;13;2;4;99999
2262;53;13;2;4;99999
2329;53;56;2;4;1
2329;53;63;1;1;1
2335;53;69;1;1;1
2335;53;62;2;4;1
2335;53;43;1;4;1
2347;53;68;2;4;1
2347;53;31;2;4;1
2347;53;27;2;1;1
2347;53;25;1;2;1
2347;53;1;1;1;99999
2349;53;30;2;4;1
2349;53;10;2;4;99999
2349;53;2;1;4;99999
2357;53;74;2;4;1
2357;53;75;1;1;1
2357;53;44;1;4;1
2357;53;41;2;1;1
2357;53;37;2;4;1
2357;53;9;1;1;99999
2357;53;6;1;1;99999
2405;53;57;2;1;1
2405;53;21;2;4;1
2430;53;63;2;4;1
2430;53;21;2;4;1
2430;53;22;1;4;1
2430;53;4;1;4;99999
2430;53;0;1;4;99999
2431;53;53;1;4;1
2431;53;43;2;1;1
2431;53;10;2;1;99999
2565;53;32;2;4;1
2565;53;32;1;4;1
2565;53;8;1;1;99999
2565;53;5;2;4;99999
2569;53;36;1;4;1
2569;53;45;2;4;1
2569;53;7;2;4;99999
2572;53;55;1;1;1
2572;53;54;2;1;1
2572;53;25;1;1;1
2572;53;21;2;1;1
2572;53;22;1;2;1
2617;53;38;2;1;1
2617;53;43;1;1;1
2630;53;51;2;1;1
2630;53;61;1;1;1
2630;53;23;1;1;1
2630;53;15;2;1;99999
2674;53;24;1;1;1
2674;53;27;2;1;1
2674;53;7;2;4;99999
2725;53;60;2;4;1
2725;53;44;2;1;1
2725;53;51;1;4;1
2725;53;6;2;4;99999
2729;53;52;2;4;1
2729;53;55;1;5;1
2729;53;21;1;5;1
2734;53;57;1;2;1
2734;53;53;2;2;1
2752;53;80;1;1;1
2752;53;79;2;1;1
2762;53;44;1;2;1
2762;53;38;2;1;1
2763;53;64;2;4;1
2807;53;40;2;2;1
2807;53;24;1;1;1
2807;53;18;1;4;1
2807;53;13;1;4;99999
2807;53;1;1;4;99999
2812;53;55;2;4;1
2812;53;28;1;1;1
2812;53;22;2;1;1
2812;53;23;2;1;1
2821;53;45;1;4;1
2828;53;23;2;4;1
2828;53;2;1;4;99999
2858;53;40;1;4;1
2868;53;26;2;4;1
2868;53;48;1;1;1
2868;53;62;2;2;1
2868;53;21;1;1;1
2869;53;62;1;5;1
2869;53;29;2;4;1
2882;53;53;2;1;1
2909;53;45;2;4;1
2909;53;45;1;4;1
2909;53;15;2;4;99999
2920;53;50;2;4;1
2920;53;27;2;1;1
2920;53;29;2;4;1
2920;53;5;2;4;99999
2923;53;45;2;4;1
2933;53;38;1;3;1
2933;53;33;2;1;1
2933;53;1;2;1;99999
2938;53;52;2;5;1
2938;53;59;1;1;1
2938;53;29;1;5;1
2939;53;19;2;4;1
2939;53;23;1;4;1
2943;53;53;2;2;1
2943;53;56;1;2;1
2952;53;53;1;4;1
2952;53;44;2;1;1
2952;53;12;2;4;99999
2958;53;89;2;1;1
2958;53;18;2;1;1
2970;53;56;2;1;1
3013;53;68;2;4;1
3026;53;59;1;4;1
3084;53;49;2;4;1
3084;53;25;1;4;1
3106;53;40;1;2;1
3145;53;65;1;1;1
3145;53;63;1;1;1
3159;53;48;1;2;1
3159;53;42;2;4;1
3159;53;42;1;1;1
3168;53;40;1;4;1
3177;53;49;1;1;1
3177;53;50;2;2;1
3177;53;12;1;4;99999
3287;53;51;2;4;1
3287;53;11;1;4;99999
3289;53;50;2;4;1
3289;53;51;1;4;1
3289;53;23;1;4;1
3289;53;21;1;4;1
3293;53;78;1;2;1
3314;53;26;1;4;1
3314;53;26;2;4;1
3328;53;65;2;2;1
3333;53;28;1;1;1
3333;53;27;2;1;1
3345;53;45;2;4;1
3360;53;72;1;1;1
3360;53;23;1;1;1
3394;53;33;2;1;1
3394;53;54;2;2;1
3394;53;5;1;4;99999
3396;53;48;1;4;1
3396;53;46;2;1;1
3396;53;9;2;4;99999
3399;53;46;2;4;1
3399;53;17;1;1;99999
3411;53;58;2;1;1
3411;53;34;2;1;1
3411;53;3;1;4;99999
3414;53;44;2;4;1
3414;53;46;1;4;1
3414;53;6;2;4;99999
3414;53;24;1;4;1
3419;53;57;2;4;1
3419;53;58;1;4;1
3419;53;38;1;4;1
3442;53;33;1;2;1
3442;53;36;2;2;1
3444;53;76;2;2;1
3444;53;53;1;2;1
3466;53;36;1;4;1
3466;53;30;2;4;1
3466;53;2;1;4;99999
3523;53;62;1;1;1
3523;53;48;2;4;1
3575;53;65;2;1;1
3575;53;67;1;1;1
3586;53;35;2;4;1
3594;53;48;2;4;1
3594;53;27;2;4;1
3594;53;26;1;4;1
3617;53;43;1;1;1
3617;53;44;2;1;1
3660;53;46;2;2;1
3660;53;41;1;4;1
3660;53;14;2;2;99999
3660;53;7;1;4;99999
3668;53;73;2;4;1
3668;53;28;1;4;1
3668;53;42;1;4;1
3684;53;42;1;1;1
3684;53;41;2;2;1
3684;53;18;2;1;1
3684;53;13;2;1;99999
3684;53;6;2;1;99999
3687;53;54;2;1;1
3687;53;23;1;1;1
3687;53;33;1;1;1
3687;53;14;1;2;99999
3689;53;65;2;4;1
3709;53;45;1;4;1
3709;53;84;2;4;1
3730;53;69;2;4;1
3730;53;76;1;1;1
3742;53;19;2;4;1
3742;53;73;1;1;1
3742;53;57;2;1;1
3742;53;15;1;4;99999
3753;53;51;1;4;1
3761;53;53;2;4;1
3761;53;60;1;4;1
3761;53;19;1;4;1
3819;53;48;1;4;1
3819;53;56;2;4;1
3828;53;31;2;1;1
3830;53;33;1;4;1
3839;53;40;2;4;1
3839;53;46;1;2;1
3839;53;19;1;4;1
3839;53;17;2;2;99999
3839;53;11;1;4;99999
3839;53;4;2;2;99999
3839;53;3;1;1;99999
3919;53;19;1;4;1
3919;53;43;2;4;1
3924;53;65;1;1;1
3924;53;95;1;1;1
3925;53;30;2;2;1
3925;53;4;1;4;99999
3925;53;6;2;4;99999
3925;53;11;1;4;99999
3933;53;76;2;1;1
3933;53;29;1;1;1
3959;53;53;2;2;1
3982;53;73;1;4;1
3982;53;70;2;4;1
3982;53;30;2;4;1
3982;53;27;1;4;1
3982;53;8;1;4;99999
3982;53;4;1;4;99999
3987;53;37;2;4;1
3987;53;5;1;4;99999
3988;53;33;1;4;1
3988;53;32;2;4;1
3988;53;11;2;4;99999
3988;53;4;1;4;99999
4000;53;42;1;1;1
4000;53;45;2;2;1
4000;53;11;2;4;99999
4000;53;7;1;4;99999
4024;53;56;1;4;1
4030;53;44;2;1;1
4079;53;68;2;1;1
4079;53;39;1;1;1
4085;53;52;2;2;1
4085;53;30;2;4;1
4085;53;28;1;4;1
4095;53;36;1;2;1
4095;53;29;2;1;1
4095;53;5;2;4;99999
4100;53;46;2;1;1
4100;53;51;1;1;1
4152;53;57;1;1;1
4152;53;51;2;1;1
4172;53;41;1;2;1
4172;53;29;2;2;1
4203;53;66;1;4;1
4213;53;48;1;1;1
4216;53;40;1;4;1
4216;53;33;2;4;1
4216;53;18;2;4;1
4216;53;16;2;4;99999
4216;53;8;1;4;99999
4216;53;2;1;4;99999
4276;53;61;1;4;1
4276;53;58;2;4;1
4282;53;72;1;1;1
4282;53;62;2;1;1
4346;53;43;1;1;1
4346;53;41;2;1;1
4346;53;9;2;1;99999
4346;53;6;1;1;99999
4394;53;53;2;4;1
4397;53;38;1;1;1
4397;53;44;2;4;1
4397;53;11;2;1;99999
4397;53;4;1;1;99999
4402;53;42;2;1;1
4402;53;40;1;4;1
4402;53;18;1;1;1
4402;53;11;1;1;99999
4405;53;50;2;1;1
4405;53;54;1;1;1
4406;53;59;2;1;1
4433;53;60;2;4;1
4433;53;23;2;4;1
4433;53;3;2;4;99999
4454;53;40;1;1;1
4454;53;26;2;1;1
4454;53;2;1;1;99999
4464;53;39;2;4;1
4464;53;39;1;4;1
4464;53;20;2;1;1
4464;53;4;2;1;99999
4479;53;86;2;4;1
4479;53;22;1;4;1
4514;53;48;2;1;1
4514;53;51;1;1;1
4514;53;67;2;1;1
4514;53;17;2;1;99999
4514;53;45;2;1;1
4515;53;68;2;1;1
4529;53;89;2;1;1
4529;53;66;1;1;1
4529;53;61;2;4;1
4544;53;53;2;4;1
4544;53;32;1;5;1
4549;53;55;2;4;1
4549;53;31;1;4;1
4563;53;64;2;1;1
4563;53;30;1;1;99999
4659;53;68;1;4;1
4659;53;64;2;4;1
4682;53;35;2;1;1
4694;53;36;1;1;1
4694;53;32;2;1;1
4694;53;10;1;1;99999
4694;53;8;1;1;99999
4694;53;5;1;1;99999
4694;53;2;1;1;99999
4707;53;47;1;4;1
4715;53;30;2;4;1
4715;53;13;1;1;99999
4715;53;4;1;4;99999
4716;53;49;1;1;1
4716;53;47;2;1;1
4716;53;18;2;1;1
4716;53;32;1;1;1
4725;53;60;2;4;1
4725;53;28;1;4;1
4763;53;39;1;1;1
4778;53;52;2;4;1
4778;53;19;1;4;1
4784;53;52;2;4;1
4784;53;59;1;4;1
4784;53;22;1;4;1
4784;53;17;1;4;99999
4790;53;55;1;1;1
4790;53;55;2;1;1
4790;53;19;2;1;1
4790;53;23;1;1;1
4821;53;72;2;4;1
4821;53;50;1;4;1
4821;53;13;2;1;99999
4821;53;13;2;2;99999
4877;53;28;1;4;1
4877;53;28;2;4;1
4877;53;3;1;4;99999
4877;53;1;1;4;99999
4883;53;26;2;4;1
4883;53;55;1;1;1
4912;53;53;1;4;1
4912;53;77;2;1;1
4919;53;36;2;2;1
4919;53;17;2;4;99999
4970;53;41;1;4;1
4970;53;33;2;4;1
4971;53;50;2;2;1
4996;53;53;2;1;1
4996;53;30;1;1;1
5024;53;49;1;2;1
5024;53;47;2;2;1
5024;53;13;2;2;99999
5039;53;64;2;4;1
5078;53;64;1;1;1
5078;53;25;1;1;1
5117;53;73;1;4;1
5231;53;34;2;4;1
5231;53;36;1;4;1
5231;53;24;2;4;1
5231;53;11;1;4;99999
5310;53;55;2;2;1
5310;53;23;1;4;1
5391;53;53;2;1;1
5391;53;24;1;1;1
5391;53;56;1;1;1
5415;53;59;1;4;1
5415;53;6;2;4;99999
5420;53;35;1;4;1
5420;53;65;2;4;1
5420;53;43;2;4;1
5426;53;22;1;1;1
5426;53;23;2;1;1
5426;53;25;2;4;1
5432;53;56;1;1;1
5459;53;48;2;1;1
5469;53;26;1;4;1
5469;53;33;2;1;1
5550;53;48;1;2;1
5550;53;42;2;1;1
5551;53;46;1;1;1
5551;53;31;2;1;1
5551;53;4;2;1;99999
5553;53;44;2;1;1
5553;53;47;1;1;1
5553;53;7;2;1;99999
5556;53;64;1;4;1
5556;53;64;2;4;1
5556;53;38;1;4;1
5556;53;33;1;4;1
5571;53;43;1;4;1
5571;53;38;2;1;1
5571;53;20;1;4;1
5597;53;40;1;2;1
5597;53;34;2;4;1
5597;53;16;2;4;99999
5597;53;14;2;1;99999
5597;53;4;1;4;99999
5597;53;1;2;4;99999
5620;53;36;1;1;1
5620;53;27;2;2;1
5620;53;5;2;1;99999
5623;53;49;1;4;2
5648;53;56;1;2;1
5648;53;49;2;2;1
5648;53;17;1;2;99999
5648;53;13;1;2;99999
5660;53;30;2;2;1
5660;53;35;1;1;2
5660;53;12;2;3;99999
5660;53;5;1;3;99999
5660;53;2;1;3;99999
5664;53;59;2;2;1
5664;53;30;1;4;1
5679;53;35;1;4;1
5679;53;25;2;1;1
5679;53;5;2;1;99999
5719;53;40;2;1;1
5719;53;8;1;2;99999
5739;53;61;2;3;1
5739;53;66;1;3;1
5795;53;25;2;1;1
5795;53;30;2;1;1
5795;53;40;1;4;1
5795;53;9;1;1;99999
5795;53;4;1;1;99999
5795;53;1;1;4;99999
5849;53;59;2;2;1
5849;53;15;1;2;99999
5849;53;10;1;2;99999
5850;53;66;1;1;1
5850;53;51;2;4;1
5873;53;37;2;4;1
5873;53;5;1;4;99999
5892;53;42;2;1;1
5892;53;42;1;1;1
5912;53;32;2;1;1
5912;53;29;1;4;1
5912;53;6;1;1;99999
5912;53;3;1;1;99999
5913;53;45;2;3;1
5913;53;28;1;2;1
5913;53;8;2;1;99999
5923;53;36;1;4;1
5923;53;36;2;4;1
5923;53;8;1;4;99999
5923;53;5;2;1;99999
5929;53;49;1;4;1
5929;53;46;2;4;1
5929;53;18;1;4;1
5929;53;9;2;4;99999
5937;53;54;1;1;1
5937;53;52;2;1;1
5937;53;23;1;1;1
5937;53;21;1;1;1
5967;53;24;1;1;1
5975;53;60;2;1;1
5990;53;52;2;4;1
5990;53;20;2;4;1
6016;53;36;1;4;1
6016;53;42;1;4;1
6016;53;47;1;4;1
6016;53;79;1;1;1
6039;53;67;2;1;1
6039;53;36;2;4;1
6039;53;50;1;1;1
6071;53;38;1;4;1
6071;53;37;2;1;1
6071;53;7;1;1;99999
6071;53;3;2;4;99999
6099;53;34;2;1;1
6099;53;30;1;4;1
6105;53;50;1;2;1
6105;53;40;2;1;1
6105;53;8;2;1;99999
6105;53;4;2;1;99999
6105;53;0;2;1;99999
6112;53;54;2;1;1
6112;53;63;1;2;1
6112;53;34;2;4;1
6112;53;33;1;2;1
6112;53;40;1;2;1
6112;53;21;2;2;1
6112;53;15;1;2;99999
6112;53;11;1;1;99999
6112;53;9;1;2;99999
6144;53;70;2;1;1
6148;53;68;2;4;1
6148;53;64;1;4;1
6202;53;41;2;4;1
6202;53;44;1;4;1
6202;53;24;1;4;1
6202;53;17;1;4;99999
6231;53;41;1;4;1
6231;53;39;2;1;1
6231;53;5;2;4;99999
6241;53;78;2;2;1
6241;53;23;2;4;1
6241;53;9;1;4;99999
6241;53;7;2;4;99999
6241;53;6;1;4;99999
6266;53;77;2;4;1
6266;53;43;2;4;1
6284;53;23;2;4;1
6308;53;31;1;1;1
6308;53;30;2;1;1
6339;53;40;2;1;1
6347;53;42;1;4;1
6396;53;63;2;4;1
6396;53;34;1;4;1
6416;53;74;1;4;1
6416;53;32;2;4;1
6416;53;67;2;4;1
6429;53;49;2;4;1
6429;53;46;1;4;1
6437;53;34;1;1;1
6437;53;32;2;1;1
6448;53;49;2;1;1
6448;53;90;1;1;1
6461;53;48;1;1;1
6461;53;47;2;1;1
6461;53;14;2;1;99999
6461;53;10;1;1;99999
6467;53;60;2;4;1
6467;53;40;1;4;1
6484;53;38;1;1;1
6484;53;58;2;1;1
6498;53;73;2;2;1
6499;53;46;1;2;1
6499;53;44;2;2;1
6499;53;20;1;2;1
6501;53;33;2;4;1
6501;53;12;1;4;99999
6501;53;0;2;4;99999
6551;53;41;1;4;1
6551;53;20;2;4;1
6551;53;11;1;3;99999
6561;53;57;2;4;1
6561;53;31;2;1;1
6561;53;34;1;1;1
6561;53;32;1;4;1
6581;53;65;2;1;1
6581;53;70;1;1;1
6581;53;24;1;1;1
6591;53;35;1;1;1
6591;53;32;2;1;1
6591;53;4;2;1;99999
6591;53;16;2;1;99999
6591;53;52;1;1;1
6604;53;93;1;1;1
6604;53;58;1;1;1
6666;53;61;2;4;1
6666;53;23;1;1;1
6666;53;18;2;1;1
6671;53;45;2;4;1
6671;53;55;1;2;1
6671;53;26;2;2;1
6671;53;21;2;2;1
6671;53;19;2;4;1
6671;53;8;1;2;99999
6671;53;6;1;2;99999
6714;53;60;1;4;1
6715;53;45;2;1;1
6715;53;59;1;1;1
6715;53;25;2;1;1
6715;53;24;2;1;1
6738;53;82;2;4;1
6738;53;29;1;1;1
6749;53;60;1;4;1
6750;53;76;2;4;1
6750;53;73;2;1;1
6783;53;42;2;4;1
6783;53;17;1;4;99999
6783;53;9;1;4;99999
6826;53;67;2;4;1
6840;53;52;1;4;1
6840;53;43;2;1;1
6854;53;58;2;1;1
6854;53;70;1;4;1
6854;53;22;2;4;1
6867;53;67;2;2;1
6867;53;45;2;1;1
6867;53;24;1;4;1
6867;53;9;1;1;99999
6875;53;28;1;4;1
6875;53;27;2;1;1
6941;53;64;2;4;1
6941;53;90;2;1;1
6941;53;40;2;1;1
6964;53;38;1;2;1
6967;53;52;2;3;1
6967;53;27;2;2;1
6967;53;20;1;1;1
6967;53;23;1;2;1
6969;53;62;2;1;1
6969;53;45;1;4;1
6969;53;44;2;1;1
6969;53;12;2;1;99999
7006;53;31;2;4;1
7006;53;54;2;1;1
7006;53;2;2;1;99999
7012;53;44;2;4;1
7022;53;82;2;4;1
7075;53;60;2;4;1
7075;53;54;1;4;1
7075;53;20;2;4;1
7084;53;34;1;4;1
7084;53;28;2;4;1
7084;53;5;1;4;99999
7084;53;1;2;4;99999
7084;53;1;2;1;99999
7120;53;35;2;4;1
7120;53;42;1;4;1
7120;53;8;2;4;99999
7120;53;0;1;4;99999
7145;53;47;2;4;1
7145;53;41;1;4;1
7145;53;13;2;1;99999
7156;53;63;2;4;1
7156;53;65;1;4;1
7173;53;46;1;4;1
7173;53;44;2;4;1
7173;53;21;2;4;1
7173;53;13;2;4;99999
7173;53;4;2;4;99999
7222;53;78;2;1;1
7222;53;18;2;1;99999
7222;53;18;1;1;99999
7222;53;25;1;1;99999
7222;53;22;2;1;99999
7252;53;55;1;2;1
7252;53;56;2;4;1
7252;53;81;2;4;1
7265;53;59;2;1;1
7280;53;82;1;1;2
7405;53;84;1;1;1
7405;53;84;2;1;1
7503;53;76;2;2;1
7516;53;68;1;1;1
7516;53;48;2;4;1
7527;53;61;1;1;1
7527;53;60;2;1;1
7533;53;45;1;5;1
7533;53;24;1;5;1
7533;53;22;1;5;1
7578;53;43;2;4;1
7578;53;6;1;4;99999
7595;53;37;2;1;1
7605;53;64;1;1;1
7605;53;41;1;1;1
7605;53;44;2;4;1
7605;53;13;2;4;99999
7619;53;20;1;4;1
7619;53;20;2;2;1
7619;53;40;2;4;1
7654;53;38;2;4;1
7655;53;30;1;4;1
7716;53;38;1;4;1
7716;53;43;2;3;1
7716;53;43;2;4;1
7716;53;21;1;4;1
7722;53;46;1;4;1
7722;53;28;2;1;1
7722;53;49;2;2;1
7722;53;18;1;2;1
7722;53;8;2;4;99999
7727;53;49;1;1;1
7727;53;52;2;2;1
7727;53;22;1;1;1
7727;53;32;2;2;1
7730;53;86;1;1;1
7754;53;36;2;1;1
7754;53;50;1;2;1
7754;53;14;2;4;99999
7754;53;9;2;4;99999
7754;53;6;1;4;99999
7754;53;4;1;4;99999
7767;53;49;1;4;1
7767;53;35;2;4;1
7767;53;9;2;4;99999
7767;53;5;2;4;99999
7836;53;29;2;4;1
7836;53;12;1;4;99999
7836;53;9;2;4;99999
7836;53;2;2;4;99999
7873;53;36;2;2;1
7873;53;19;1;2;1
7873;53;18;2;2;1
7873;53;9;1;2;99999
7880;53;79;2;2;1
7880;53;85;2;2;1
7880;53;40;1;2;1
7880;53;21;1;2;1
7906;53;44;2;2;1
7906;53;66;2;2;1
7906;53;18;1;4;1
7906;53;6;2;1;99999
7910;53;75;1;1;1
7910;53;61;2;1;1
7910;53;26;2;1;1
7961;53;38;2;1;1
7961;53;22;2;4;1
7961;53;28;1;2;1
7961;53;3;2;1;99999
7966;53;45;2;1;1
7966;53;76;2;1;1
7966;53;42;2;1;1
7966;53;21;2;1;1
7971;53;25;1;4;1
7971;53;25;2;4;1
8007;53;63;2;4;1
8007;53;23;2;1;1
8018;53;43;1;4;1
8018;53;44;2;1;1
8018;53;20;1;1;1
8018;53;13;2;4;99999
8018;53;10;2;4;99999
8036;53;61;2;2;1
8036;53;63;1;4;1
8036;53;31;2;2;1
8036;53;34;1;2;1
8036;53;35;2;4;1
8046;53;62;2;4;1
8046;53;88;2;1;1
8049;53;73;1;4;1
8049;53;69;2;1;1
8051;53;50;1;1;1
8051;53;48;2;3;1
8104;53;58;2;4;1
8109;53;27;2;2;1
8109;53;9;1;4;99999
8155;53;38;1;1;1
8155;53;40;2;1;1
8170;53;57;2;4;1
8183;53;39;2;1;1
8183;53;42;1;1;1
8183;53;20;2;4;1
8183;53;14;1;4;99999
8183;53;7;1;1;99999
8183;53;4;2;4;99999
8187;53;63;2;2;1
8187;53;54;1;4;1
8187;53;22;2;1;1
8187;53;20;1;4;1
8187;53;0;1;1;99999
8197;53;44;2;4;1
8197;53;18;2;4;1
8197;53;6;2;4;99999
8197;53;2;1;2;99999
8245;53;80;1;4;1
8245;53;68;2;4;1
8352;53;66;2;4;1
8352;53;46;1;4;1
8352;53;40;2;4;1
8354;53;61;2;1;1
8356;53;60;1;1;1
8356;53;88;2;1;1
8371;53;47;1;4;1
8371;53;47;2;1;1
8371;53;19;2;4;1
8371;53;15;2;1;99999
8374;53;59;1;4;1
8374;53;4;2;4;99999
8374;53;4;2;4;99999
8413;53;68;2;1;1
8413;53;93;2;1;1
8437;53;68;2;4;1
8437;53;70;1;4;1
8437;53;45;1;4;1
8437;53;43;1;4;1
8437;53;41;1;4;1
8437;53;19;1;4;1
8437;53;19;1;1;1
8437;53;14;2;1;99999
8487;53;90;1;1;1
8487;53;92;2;1;1
8509;53;55;1;2;1
8509;53;46;2;4;1
8509;53;26;2;4;1
8509;53;8;1;1;99999
8509;53;19;2;2;1
8509;53;24;1;1;1
8512;53;64;1;1;1
8518;53;44;2;4;1
8518;53;24;1;4;1
8518;53;23;2;1;1
8533;53;44;1;2;1
8533;53;47;2;1;1
8533;53;21;1;2;1
8533;53;17;1;2;99999
8536;53;46;2;1;1
8536;53;23;1;1;1
8538;53;26;2;4;1
8538;53;3;2;1;99999
8538;53;37;1;1;1
8546;53;32;2;4;1
8546;53;43;1;2;1
8546;53;20;1;4;1
8546;53;14;1;1;99999
8546;53;10;2;1;99999
8553;53;60;1;4;1
8553;53;46;2;1;1
8553;53;17;2;1;99999
8563;53;51;2;4;1
8563;53;19;1;1;1
8563;53;17;2;1;99999
8573;53;46;1;4;1
8573;53;47;2;1;1
8573;53;26;1;1;1
8573;53;21;1;1;1
8573;53;24;2;1;1
8573;53;6;2;1;99999
8573;53;20;2;4;1
8601;53;42;1;4;1
8601;53;40;2;4;1
8607;53;37;2;4;1
8607;53;44;1;2;1
8607;53;17;1;4;99999
8607;53;15;2;4;99999
8630;53;76;1;1;1
8630;53;53;2;1;1
8630;53;15;1;1;99999
8692;53;51;1;1;2
8692;53;62;1;4;1
8695;53;36;1;1;1
8702;53;50;2;4;1
8702;53;55;1;1;1
8702;53;24;1;1;1
8708;53;65;1;4;1
8708;53;61;2;4;1
8708;53;20;1;4;1
8738;53;54;2;4;1
8738;53;55;1;1;1
8738;53;21;2;4;1
8738;53;17;2;1;99999
8755;53;53;2;4;1
8755;53;63;1;4;1
8768;53;52;1;4;1
8768;53;32;2;1;1
8768;53;14;2;1;99999
8775;53;57;1;4;1
8775;53;50;2;4;1
8822;53;28;2;1;1
8822;53;28;1;1;1
8870;53;61;1;4;1
8876;53;46;1;1;1
8876;53;42;2;1;1
8876;53;8;1;1;99999
8876;53;16;2;1;99999
8908;53;41;1;2;1
8920;53;79;2;1;1
8947;53;73;2;1;1
8947;53;69;2;1;1
8947;53;31;2;2;1
8950;53;31;2;1;1
8950;53;43;1;1;1
8966;53;59;1;1;1
8966;53;56;2;4;1
8966;53;27;2;1;1
8966;53;18;2;1;1
8966;53;16;1;2;99999
8975;53;43;2;4;1
8975;53;17;1;4;99999
8975;53;13;2;4;99999
8975;53;10;2;1;99999
8975;53;1;1;4;99999
8998;53;60;1;1;1
8998;53;51;2;2;1
8998;53;23;2;1;1
8998;53;19;1;1;1
8998;53;2;1;1;99999
9138;53;24;2;1;1
9138;53;26;1;2;1
9146;53;45;1;1;1
9146;53;40;2;1;1
9146;53;14;1;1;99999
9146;53;17;2;1;99999
9147;53;63;2;4;1
9147;53;18;1;4;1
9150;53;59;2;1;1
9150;53;19;2;1;1
9150;53;9;2;1;99999
9156;53;26;1;1;1
9156;53;56;2;1;1
9156;53;46;1;2;1
9197;53;49;1;1;1
9197;53;42;2;1;1
9197;53;21;1;1;1
9197;53;19;2;1;1
9198;53;72;1;2;1
9198;53;61;2;1;1
9225;53;60;2;4;1
9225;53;19;1;4;1
9225;53;16;1;1;99999
9231;53;48;2;4;1
9231;53;49;2;2;1
9287;53;48;1;4;1
9287;53;29;2;2;1
9287;53;2;2;2;99999
9291;53;44;1;4;1
9291;53;37;2;1;1
9291;53;17;1;1;99999
9291;53;8;2;4;99999
9304;53;38;1;1;1
9304;53;28;2;1;1
9304;53;59;2;1;1
9304;53;4;2;4;99999
9361;53;31;1;4;1
9361;53;29;1;1;1
9362;53;42;1;4;1
9362;53;43;2;1;1
9362;53;3;1;1;99999
9362;53;13;2;1;99999
9412;53;50;1;2;1
9412;53;54;2;1;1
9412;53;19;2;1;1
9416;53;34;1;1;1
9416;53;19;2;4;1
9496;53;67;2;1;1
9496;53;31;1;1;1
9496;53;33;2;1;1
9496;53;32;1;1;1
9498;53;74;2;1;1
9498;53;72;1;1;1
9498;53;35;1;1;1
9535;53;69;1;1;1
9535;53;62;2;1;1
9535;53;42;1;1;1
9593;53;27;1;4;1
9593;53;26;2;4;2
9598;53;67;2;4;1
9617;53;48;1;1;1
9617;53;70;1;1;1
9622;53;47;1;1;1
9622;53;74;2;1;1
9651;53;53;1;4;1
9651;53;47;2;4;1
9651;53;19;2;4;1
9651;53;10;2;4;99999
9658;53;53;1;4;1
9658;53;19;1;4;1
9664;53;51;1;4;1
9664;53;17;1;1;99999
9673;53;36;2;4;1
9673;53;44;1;4;1
9688;53;65;1;4;1
9688;53;54;2;1;1
9708;53;41;2;1;1
9714;53;25;2;4;1
9735;53;37;2;4;1
9735;53;36;1;2;1
9763;53;74;2;4;1
9769;53;100;2;1;1
9778;53;48;2;1;1
9778;53;29;2;1;1
9778;53;10;2;1;99999
9778;53;29;2;2;1
9806;53;25;2;1;1
9806;53;28;1;1;1
9806;53;6;1;4;99999
9806;53;3;2;1;99999
9814;53;59;1;2;1
9814;53;59;2;1;1
9814;53;90;2;4;1
9821;53;35;2;1;1
9821;53;40;1;4;1
9821;53;1;1;4;99999
9822;53;40;1;4;1
9822;53;36;2;1;1
9822;53;13;1;1;99999
9822;53;10;2;1;99999
9845;53;23;2;4;1
9845;53;85;2;1;99999
9845;53;42;1;4;99999
9848;53;16;1;4;99999
9848;53;38;2;4;1
9849;53;22;1;4;1
9849;53;10;1;5;99999
9849;53;41;2;5;1
9850;53;43;2;4;1
9850;53;42;1;4;1
9850;53;10;2;4;99999
9852;53;56;2;4;1
9852;53;61;1;1;1
9856;53;47;2;1;1
9856;53;50;1;4;1
9856;53;28;1;4;1
9856;53;21;1;1;1
9856;53;15;1;4;99999
9856;53;11;2;1;99999
9872;53;36;1;4;1
9872;53;36;2;2;1
9872;53;8;1;4;99999
9872;53;11;1;2;99999
9872;53;3;1;2;99999
9874;53;30;2;4;1
9874;53;9;1;1;99999
9874;53;3;1;4;99999
9882;53;88;1;4;1
9934;53;54;1;4;1
9934;53;54;2;1;1
9955;53;54;2;1;1
9961;53;57;1;2;1
9961;53;55;2;1;1
9961;53;28;1;4;1
9961;53;21;2;1;1
9961;53;17;2;4;99999
9976;53;33;2;1;1
10045;53;49;2;1;1
10053;53;65;2;4;1
10053;53;42;2;4;1
10053;53;9;2;4;99999
10053;53;7;2;1;99999
10062;53;52;2;4;1
10062;53;12;2;4;99999
10078;53;27;2;4;1
10078;53;10;1;1;99999
10078;53;6;2;1;99999
10098;53;50;2;1;1
10098;53;52;1;1;1
10110;53;52;1;2;1
10110;53;53;2;1;1
10110;53;23;2;4;1
10110;53;21;1;1;1
10110;53;18;2;4;1
10137;53;84;1;1;1
10137;53;75;2;4;1
10137;53;43;1;1;1
10137;53;42;2;1;1
10137;53;5;1;4;99999
10189;53;51;1;4;1
10189;53;22;2;4;1
10191;53;54;1;4;1
10191;53;55;2;4;1
10191;53;35;1;4;1
10191;53;12;1;4;99999
10195;53;43;2;4;1
10195;53;21;1;4;1
10195;53;28;2;4;1
10195;53;10;2;4;99999
10200;53;75;1;4;1
10200;53;72;2;1;1
10231;53;26;2;1;1
10231;53;58;1;1;1
10232;53;52;1;2;1
10232;53;41;2;2;1
10232;53;11;2;2;99999
10232;53;22;1;2;1
10237;53;39;1;1;1
10237;53;39;2;4;1
10237;53;11;2;4;99999
10265;53;61;1;2;1
10265;53;44;2;1;1
10265;53;18;2;1;1
10302;53;85;2;1;1
10302;53;29;2;1;1
10324;53;68;1;1;1
10324;53;63;2;1;1
10343;53;75;2;1;1
10343;53;46;2;1;1
10344;53;60;1;1;1
10344;53;50;1;1;1
10344;53;33;2;4;1
10349;53;35;2;4;1
10349;53;18;1;4;1
10349;53;1;1;4;99999
10349;53;48;1;1;1
10357;53;70;1;1;1
10357;53;67;2;1;1
10357;53;37;1;1;1
10357;53;42;2;1;1
10371;53;45;2;4;1
10371;53;38;1;4;1
10371;53;19;1;4;1
10371;53;12;2;1;99999
10420;53;85;2;1;1
10420;53;62;1;1;1
10454;53;69;2;1;1
10455;53;38;2;4;1
10467;53;41;2;4;1
10467;53;10;1;4;99999
10467;53;7;1;4;99999
10467;53;5;1;4;99999
10484;53;43;1;2;1
10497;53;33;1;2;1
10497;53;24;2;2;1
10497;53;5;1;4;99999
10525;53;71;1;1;1
10525;53;52;2;1;1
10581;53;46;1;4;1
10581;53;66;2;1;1
10585;53;59;2;4;1
10585;53;57;1;4;1
10585;53;31;2;4;1
10600;53;18;2;5;1
10600;53;19;1;5;1
10631;53;26;1;4;1
10631;53;25;2;2;1
10631;53;4;2;1;99999
10647;53;49;2;4;1
10647;53;41;1;4;1
10647;53;11;1;4;99999
10647;53;4;1;4;99999
10651;53;55;1;1;1
10657;53;57;2;1;1
10657;53;71;1;1;1
10657;53;14;1;1;99999
10660;53;40;2;4;1
10660;53;33;2;2;1
10660;53;16;2;1;99999
10685;53;45;1;4;1
10685;53;40;2;4;1
10685;53;14;2;4;99999
10685;53;7;1;4;99999
10688;53;41;2;2;1
10688;53;21;2;4;1
10695;53;48;1;1;1
10695;53;45;2;2;1
10695;53;21;1;4;1
10695;53;15;2;4;99999
10728;53;67;1;1;1
10794;53;38;1;2;1
10797;53;32;2;1;1
10797;53;17;2;4;99999
10797;53;22;1;1;1
10797;53;19;1;4;1
10797;53;9;2;1;99999
10811;53;42;1;4;1
10811;53;44;2;4;1
10811;53;16;1;4;99999
10835;53;79;2;4;1
10835;53;35;2;4;1
10835;53;15;2;4;99999
10845;53;65;2;1;1
10846;53;31;1;4;1
10846;53;24;1;4;1
10865;53;52;1;1;1
10865;53;46;2;2;1
10865;53;22;1;1;1
10917;53;39;1;4;1
10917;53;38;2;2;3
10917;53;16;1;4;99999
10917;53;1;1;1;99999
10921;53;49;2;4;1
10921;53;24;1;4;1
10939;53;30;1;4;1
10939;53;32;2;1;1
10975;53;58;1;4;1
10975;53;50;2;1;1
10975;53;30;1;4;1
10984;53;34;1;4;1
10984;53;39;2;4;1
10992;53;19;2;4;1
10992;53;18;1;1;1
10992;53;0;1;4;99999
10996;53;51;1;1;1
10996;53;48;2;4;1
10996;53;25;2;4;1
10996;53;4;2;1;99999
10997;53;58;2;1;1
11036;53;56;2;4;1
11039;53;69;1;2;1
11048;53;47;2;1;1
11071;53;36;2;4;1
11071;53;42;1;4;1
11071;53;0;2;1;99999
11090;53;32;2;4;1
11115;53;61;2;1;1
11115;53;40;1;4;1
11115;53;18;1;4;1
11115;53;15;1;1;99999
11122;53;52;2;4;1
11122;53;50;2;4;1
11122;53;15;1;4;99999
11125;53;36;2;4;1
11125;53;33;1;1;1
11153;53;65;1;1;1
11153;53;60;2;4;1
11163;53;54;1;2;1
11185;53;53;1;4;1
11185;53;49;2;1;1
11185;53;10;1;1;99999
11208;53;48;1;4;1
11208;53;40;2;1;1
11208;53;20;1;4;1
11208;53;15;1;4;99999
11208;53;1;2;4;99999
11218;53;59;1;1;1
11218;53;54;2;1;1
11218;53;18;2;1;1
11223;53;34;1;4;1
11223;53;34;2;4;1
11224;53;38;2;1;1
11227;53;64;2;4;1
11227;53;34;1;4;1
11268;53;16;2;2;99999
11268;53;60;1;4;1
11268;53;45;2;2;1
11278;53;60;2;1;1
11278;53;28;2;1;1
11278;53;7;1;1;99999
11279;53;54;1;2;1
11279;53;47;2;1;1
11285;53;56;1;1;1
11285;53;56;2;1;1
11330;53;45;2;4;1
11330;53;49;1;4;1
11330;53;14;2;4;99999
11332;53;46;1;4;1
11332;53;41;2;4;1
11332;53;15;2;4;99999
11332;53;6;1;4;99999
11342;53;72;2;4;1
11343;53;71;2;2;1
11343;53;37;2;4;1
11343;53;4;1;1;99999
11349;53;40;2;1;1
11349;53;13;2;1;99999
11349;53;7;2;1;99999
11361;53;61;2;4;1
11361;53;80;1;4;1
11361;53;21;1;4;1
11372;53;62;2;4;1
11372;53;28;2;4;1
11372;53;29;1;4;1
11372;53;11;2;4;99999
11387;53;43;1;4;1
11387;53;37;2;4;1
11387;53;7;2;4;99999
11387;53;4;1;4;99999
11402;53;70;2;4;1
11440;53;43;2;1;1
11440;53;52;1;1;1
11440;53;13;1;1;99999
11441;53;26;1;2;1
11441;53;70;1;2;1
11441;53;65;2;1;1
11450;53;74;1;1;1
11450;53;73;2;4;1
11450;53;38;2;1;1
11456;53;65;2;4;1
11456;53;42;2;4;1
11456;53;16;2;2;99999
11456;53;10;1;1;99999
11487;53;24;1;4;1
11487;53;22;2;4;1
11487;53;1;1;4;99999
11494;53;78;1;3;1
11501;53;30;1;4;1
11501;53;26;2;4;1
11501;53;0;1;4;99999
11512;53;59;2;1;1
11512;53;37;1;1;1
11526;53;33;1;1;1
11540;53;58;2;4;1
11540;53;60;1;4;1
11558;53;60;1;4;1
11558;53;51;2;4;1
11558;53;20;1;4;1
11558;53;25;2;4;1
11581;53;25;2;4;1
11581;53;21;1;4;1
11581;53;4;1;1;99999
11581;53;2;2;1;99999
11581;53;7;2;4;99999
11585;53;43;1;4;1
11585;53;42;2;2;1
11585;53;6;1;2;99999
11585;53;5;1;1;99999
11587;53;57;1;4;1
11587;53;51;2;4;1
11587;53;27;2;4;1
11587;53;22;1;4;1
11620;53;40;1;4;1
11620;53;44;2;2;1
11620;53;20;2;2;1
11629;53;34;1;4;1
11629;53;29;2;1;1
11656;53;45;2;1;1
11656;53;72;2;4;1
11656;53;3;1;4;99999
11771;53;23;1;4;1
11771;53;23;2;1;1
11771;53;1;1;1;99999
11772;53;55;2;1;1
11772;53;24;1;1;1
11772;53;24;1;1;1
11772;53;21;2;1;1
11772;53;2;2;4;99999
11803;53;47;2;4;1
11803;53;50;1;4;1
11803;53;18;2;4;1
11803;53;86;2;4;1
11820;53;58;1;4;1
11820;53;49;2;1;1
11857;53;42;2;5;1
11857;53;12;1;5;99999
11857;53;6;2;1;99999
11883;53;59;2;1;1
11912;53;46;2;1;1
11912;53;19;1;4;1
11927;53;56;2;4;1
11927;53;42;2;4;1
11927;53;23;2;4;1
11927;53;19;2;4;1
11927;53;21;2;4;1
11927;53;12;1;4;99999
11927;53;8;1;4;99999
11927;53;4;2;4;99999
11927;53;0;1;4;99999
12002;53;38;2;1;1
12002;53;46;1;1;1
12002;53;4;2;1;99999
12012;53;33;2;4;1
12012;53;32;1;4;1
12012;53;72;2;4;1
12012;53;79;1;4;1
12033;53;21;2;2;1
12037;53;30;1;2;1
12037;53;24;2;4;1
12049;53;55;2;1;1
12049;53;79;1;1;1
12049;53;78;2;1;1
12123;53;23;2;1;1
12123;53;23;1;2;1
12123;53;0;1;2;99999
12124;53;45;2;4;1
12124;53;47;1;4;1
12134;53;48;2;4;1
12134;53;44;1;4;1
12151;53;45;2;4;1
12151;53;54;1;1;1
12151;53;10;1;1;99999
12180;53;52;1;1;1
12180;53;49;2;2;1
12180;53;19;1;4;1
12196;53;55;1;4;1
12217;53;86;1;4;1
12217;53;82;2;1;1
12217;53;41;2;4;1
12217;53;12;2;1;99999
12217;53;8;2;1;99999
12263;53;48;1;3;1
12263;53;76;2;1;1
12263;53;45;2;1;1
12267;53;24;1;2;1
12282;53;69;1;4;1
12282;53;67;2;4;1
12289;53;81;1;1;1
12289;53;73;2;2;1
12289;53;39;1;4;1
12289;53;29;2;4;1
12289;53;30;1;1;1
12289;53;2;1;1;99999
12298;53;83;2;1;1
12313;53;69;2;1;1
12313;53;96;2;1;1
12344;53;48;1;2;1
12344;53;42;2;2;1
12344;53;23;1;4;1
12344;53;11;2;2;99999
12344;53;8;2;2;99999
12405;53;55;1;4;1
12409;53;60;2;1;1
12425;53;60;2;4;1
12425;53;55;1;2;1
12425;53;37;2;4;1
12425;53;19;1;4;1
12425;53;14;2;4;99999
12447;53;58;2;4;1
12447;53;68;1;4;1
12447;53;30;2;4;1
12455;53;42;1;4;1
12455;53;62;2;4;1
12455;53;22;1;4;1
12455;53;24;1;4;1
12518;53;14;2;4;99999
12518;53;33;2;4;1
12518;53;12;2;4;99999
12541;53;76;1;2;1
12565;53;73;2;1;1
12575;53;61;2;1;1
12575;53;31;2;1;1
12575;53;71;1;4;1
12587;53;58;2;4;1
12587;53;18;1;4;1
12587;53;16;2;4;99999
12587;53;14;2;4;99999
12588;53;66;2;1;1
12607;53;59;2;1;1
12628;53;70;2;1;1
12628;53;41;1;4;1
12630;53;37;2;4;1
12630;53;35;1;4;1
12630;53;15;1;4;99999
12630;53;5;1;4;99999
12667;53;51;1;1;1
12667;53;61;2;4;1
12667;53;24;1;4;1
12667;53;22;1;1;1
12689;53;64;1;1;1
12704;53;53;2;4;1
12704;53;17;1;4;99999
12704;53;32;1;2;1
12704;53;33;2;4;1
12704;53;9;1;4;99999
12704;53;6;2;4;99999
12753;53;49;1;4;1
12753;53;50;2;4;1
12753;53;29;2;4;1
12753;53;14;2;4;99999
12753;53;18;2;4;1
12753;53;23;2;4;1
12756;53;50;1;1;1
12756;53;45;2;1;1
12756;53;21;1;1;1
12756;53;26;2;1;1
12772;53;46;2;1;1
12772;53;15;1;1;99999
12781;53;44;2;4;1
12781;53;46;1;1;1
12781;53;10;2;1;99999
12781;53;7;2;4;99999
12796;53;43;1;1;1
12796;53;45;2;1;1
12796;53;16;1;4;99999
12796;53;15;1;4;99999
12809;53;55;2;2;1
12809;53;56;1;2;1
12841;53;52;2;1;1
12841;53;23;2;1;1
12841;53;5;1;1;99999
12856;53;27;2;4;1
12856;53;26;2;1;1
12901;53;52;2;4;1
12901;53;54;1;2;1
12912;53;46;1;1;1
12912;53;46;2;1;1
12913;53;50;1;4;1
12913;53;55;2;1;1
12913;53;32;2;1;1
12913;53;17;2;1;99999
12922;53;68;2;1;1
12971;53;60;2;4;1
12971;53;21;2;4;1
13003;53;53;1;1;1
13003;53;45;2;1;1
13003;53;15;1;1;99999
13010;53;53;2;1;1
13010;53;58;1;4;1
13010;53;25;1;2;1
13038;53;47;1;4;1
13038;53;40;2;1;1
13038;53;16;1;4;99999
13038;53;15;1;1;99999
13038;53;13;2;1;99999
13038;53;6;1;1;99999
13043;53;37;2;4;1
13043;53;42;1;4;1
13043;53;12;1;2;99999
13043;53;1;1;1;99999
13053;53;78;2;4;1
13053;53;80;1;4;1
13073;53;36;1;1;1
13073;53;36;2;1;1
13073;53;5;1;1;99999
13073;53;2;2;1;99999
13091;53;32;1;1;1
13091;53;31;2;1;1
13091;53;2;1;1;99999
13153;53;50;1;2;1
13153;53;50;2;1;1
13153;53;16;1;1;99999
13160;53;62;1;1;1
13160;53;49;2;1;1
13160;53;3;1;1;99999
13179;53;30;1;1;1
13215;53;44;2;1;1
13215;53;70;1;1;1
13215;53;14;1;1;99999
13228;53;58;2;2;1
13228;53;59;1;2;1
13228;53;23;1;2;1
13241;53;43;1;4;1
13252;53;55;2;1;1
13252;53;32;1;1;1
13252;53;16;1;4;99999
13255;53;40;1;4;1
13255;53;41;2;4;1
13255;53;7;1;4;99999
13255;53;5;2;4;99999
13279;53;36;1;1;1
13279;53;36;2;4;1
13279;53;11;2;1;99999
13290;53;34;1;1;1
13290;53;31;2;4;1
13290;53;27;2;1;1
13290;53;1;2;1;99999
13306;53;26;2;4;1
13306;53;28;1;2;1
13306;53;0;1;4;99999
13308;53;37;2;4;1
13308;53;51;1;4;1
13319;53;50;2;4;1
13319;53;47;1;4;1
13319;53;29;1;4;1
13319;53;20;2;4;1
13319;53;0;2;1;99999
13338;53;26;2;4;1
13338;53;1;2;4;99999
13354;53;68;2;1;1
13354;53;71;1;4;1
13369;53;49;1;1;1
13369;53;42;2;4;1
13369;53;15;2;4;99999
13369;53;14;2;4;99999
13369;53;6;2;1;99999
13377;53;40;2;2;1
13377;53;9;1;2;99999
13377;53;15;1;2;99999
13377;53;59;2;2;1
13377;53;31;2;2;1
13377;53;30;1;2;1
13383;53;68;1;1;1
13383;53;67;2;1;1
13423;53;23;2;1;1
13423;53;27;1;1;1
13457;53;28;2;4;1
13457;53;32;1;2;1
13457;53;6;2;1;99999
13457;53;3;2;2;99999
13458;53;39;1;4;1
13458;53;38;1;4;1
13458;53;27;2;4;1
13480;53;66;2;4;1
13480;53;63;2;4;1
13500;53;61;1;1;1
13508;53;73;2;1;1
13508;53;50;1;2;1
13521;53;34;1;4;1
13521;53;35;2;4;1
13521;53;3;1;4;99999
13528;53;33;2;2;1
13528;53;56;1;2;1
13528;53;52;2;4;1
13528;53;28;1;2;1
13528;53;5;1;2;99999
13556;53;60;2;1;1
13556;53;68;1;1;1
13568;53;60;1;4;1
13568;53;22;1;4;1
13568;53;19;2;4;1
13591;53;32;2;4;1
13591;53;9;1;4;99999
13592;53;59;1;2;1
13592;53;45;2;4;1
13592;53;8;1;4;99999
13610;53;81;2;1;1
13610;53;41;1;1;1
13610;53;64;2;4;1
13639;53;32;1;1;1
13639;53;29;2;1;1
13645;53;30;1;1;1
13651;53;57;1;4;1
13651;53;23;2;1;1
13674;53;54;2;4;1
13683;53;53;1;4;2
13683;53;21;1;4;1
13707;53;53;2;4;1
13707;53;28;2;1;1
13707;53;25;2;4;1
13707;53;13;2;1;99999
13718;53;53;2;4;1
13718;53;20;1;1;1
13718;53;19;1;2;1
13718;53;17;1;1;99999
13722;53;68;2;1;1
13722;53;37;1;1;1
13742;53;57;2;4;1
13742;53;22;1;4;1
13742;53;26;2;4;1
13750;53;42;1;2;1
13750;53;45;2;1;1
13750;53;16;1;2;99999
13750;53;18;2;4;1
13750;53;10;2;4;99999
13750;53;7;1;1;99999
13754;53;41;2;4;1
13754;53;49;2;4;1
13754;53;25;1;4;1
13754;53;14;2;4;99999
13787;53;56;2;2;1
13787;53;43;1;4;1
13787;53;27;2;4;1
13787;53;30;1;2;1
13796;53;50;2;1;1
13796;53;47;1;1;1
13796;53;19;2;4;1
13796;53;15;2;1;99999
13818;53;53;2;1;1
13818;53;23;1;2;1
13818;53;23;2;1;1
13826;53;53;1;2;1
13826;53;44;2;4;1
13830;53;20;2;4;1
13830;53;50;2;4;1
13839;53;34;1;1;1
13839;53;36;2;2;1
13839;53;5;1;1;99999
13849;53;61;2;1;1
13866;53;39;1;1;1
13866;53;42;1;1;1
13879;53;85;1;1;1
13879;53;82;2;1;1
13891;53;50;1;4;1
13891;53;0;2;1;99999
13891;53;18;1;1;1
13911;53;52;2;4;1
13911;53;60;1;1;1
13928;53;52;2;4;1
13928;53;17;2;4;99999
13936;53;60;2;1;1
13936;53;58;1;4;1
13936;53;29;1;4;1
13954;53;58;2;2;1
13954;53;30;2;2;1
13954;53;24;2;4;1
13954;53;22;1;4;1
13954;53;10;1;1;99999
13954;53;1;1;1;99999
13980;53;30;2;2;1
13980;53;55;2;2;1
13980;53;26;2;2;1
13980;53;4;1;1;99999
13981;53;42;1;4;1
13981;53;40;2;4;1
13981;53;6;1;4;99999
13981;53;3;2;4;99999
13993;53;37;1;1;1
13993;53;35;2;1;1
13993;53;10;2;1;99999
14007;53;25;2;1;1
14007;53;21;2;1;1
14022;53;81;1;1;1
14022;53;76;2;1;1
14024;53;50;2;2;1
14024;53;50;1;1;1
14024;53;26;1;4;1
14024;53;26;2;4;1
14024;53;3;2;1;99999
14040;53;38;1;4;1
14040;53;37;2;4;1
14044;53;41;1;4;1
14044;53;39;2;4;1
14044;53;5;2;4;99999
14128;53;40;1;4;1
14128;53;36;2;4;1
14132;53;19;2;4;1
14132;53;40;2;2;1
14132;53;20;2;4;1
14132;53;3;2;4;99999
14146;53;37;2;4;1
14146;53;40;1;3;1
14146;53;20;1;1;1
14146;53;11;2;3;99999
14146;53;3;2;1;99999
14153;53;36;1;2;1
14153;53;40;2;1;1
14153;53;65;2;2;1
14153;53;12;2;2;99999
14164;53;42;1;4;1
14164;53;42;2;1;1
14164;53;9;2;1;99999
14164;53;1;1;1;99999
14174;53;47;2;1;1
14174;53;29;1;1;1
14174;53;25;1;4;1
14174;53;19;2;1;1
14174;53;13;2;2;99999
14174;53;9;1;1;99999
14174;53;6;2;1;99999
14185;53;22;1;4;1
14185;53;21;2;1;1
14188;53;38;1;1;1
14188;53;45;2;2;1
14190;53;53;2;4;1
14190;53;27;1;1;1
14192;53;45;1;4;1
14192;53;34;2;4;1
14216;53;54;2;1;1
14216;53;34;1;3;1
14216;53;35;2;4;1
14216;53;14;2;1;99999
14216;53;8;1;1;99999
14238;53;43;1;1;1
14238;53;35;2;1;1
14239;53;38;2;1;1
14283;53;50;1;4;1
14283;53;50;2;4;1
14283;53;26;1;4;1
14293;53;69;1;1;2
14293;53;47;1;1;1
14299;53;40;2;4;1
14299;53;14;2;4;99999
14318;53;27;2;4;1
14318;53;4;2;4;99999
14318;53;6;2;4;99999
14319;53;66;2;1;1
14319;53;99;2;1;1
14343;53;51;1;1;1
14343;53;42;2;1;1
14343;53;12;1;1;99999
14343;53;1;2;1;99999
14347;53;64;2;4;1
14353;53;89;2;1;1
14356;53;64;1;4;1
14356;53;58;2;4;1
14413;53;48;1;4;1
14413;53;43;2;2;1
14413;53;16;1;2;99999
14413;53;14;1;2;99999
14462;53;58;2;1;1
14462;53;67;1;1;1
14465;53;39;2;4;1
14465;53;19;1;4;1
14465;53;15;2;4;99999
14466;53;61;1;1;1
14466;53;59;2;1;1
14466;53;36;2;1;1
14477;53;52;2;4;1
14477;53;28;1;1;1
14477;53;27;2;1;1
14477;53;80;2;1;1
14477;53;3;2;1;99999
14499;53;64;2;4;1
14499;53;60;1;4;1
14504;53;75;2;4;1
14504;53;79;1;4;1
14524;53;42;2;4;1
14524;53;23;2;4;1
14556;53;45;2;3;1
14556;53;5;1;3;99999
14654;53;51;1;3;1
14654;53;50;2;2;1
14654;53;30;2;1;1
14659;53;69;2;4;1
14659;53;50;2;1;1
14659;53;45;2;4;1
14659;53;16;1;1;99999
14683;53;55;2;4;1
14683;53;52;1;4;1
14683;53;13;1;4;99999
14683;53;9;2;4;99999
14694;53;58;2;1;1
14694;53;66;1;1;1
14716;53;50;1;1;1
14716;53;46;2;1;1
14716;53;8;1;2;99999
14716;53;8;1;2;99999
14727;53;41;1;1;1
14727;53;39;2;1;1
14727;53;4;2;1;99999
14727;53;6;2;1;99999
14741;53;40;2;1;1
14741;53;39;1;1;1
14741;53;9;1;1;99999
14759;53;50;2;1;1
14759;53;53;1;4;1
14771;53;46;1;2;1
14771;53;49;2;4;1
14780;53;47;2;4;1
14780;53;24;1;4;1
14797;53;45;2;4;1
14797;53;8;1;4;99999
14806;53;28;2;1;1
14806;53;24;1;2;1
14806;53;12;1;1;99999
14889;53;24;2;4;1
14889;53;23;1;1;1
14889;53;0;2;1;99999
14889;53;28;1;1;1
14901;53;65;1;1;1
14901;53;63;2;1;1
14901;53;40;1;1;1
14901;53;13;2;1;99999
14909;53;25;1;4;1
14909;53;27;2;4;1
14941;53;51;2;4;1
14941;53;23;1;2;1
14951;53;37;2;4;1
14951;53;41;1;2;1
14951;53;19;1;2;1
14951;53;11;1;2;99999
14951;53;0;2;4;99999
14963;53;41;2;1;1
14963;53;18;1;1;1
14963;53;2;1;4;99999
14969;53;45;1;4;1
14969;53;41;2;4;1
14969;53;22;1;4;1
14969;53;15;1;4;99999
15007;53;82;1;4;1
15007;53;78;2;1;1
15007;53;27;1;1;1
15007;53;65;2;4;1
15073;53;63;2;1;1
15073;53;40;1;1;1
15075;53;43;2;4;1
15075;53;76;2;1;1
15076;53;42;1;1;1
15076;53;39;2;4;1
15076;53;24;1;4;1
15076;53;20;1;1;1
15117;53;42;1;1;1
15117;53;32;2;1;1
15117;53;2;1;1;99999
15146;53;57;2;1;1
15148;53;76;1;4;1
15148;53;57;2;4;1
15148;53;24;2;1;1
15185;53;51;2;1;1
15185;53;20;1;1;1
15205;53;40;1;1;1
15205;53;37;2;2;1
15205;53;19;2;1;1
15205;53;13;2;2;99999
15205;53;12;1;1;99999
15207;53;33;2;3;1
15207;53;24;1;1;1
15207;53;0;1;3;99999
15233;53;38;1;4;2
15233;53;22;1;4;1
15233;53;2;1;1;99999
15233;53;15;1;4;99999
15234;53;33;1;2;1
15234;53;31;2;2;1
15234;53;2;1;2;99999
15242;53;37;2;1;1
15242;53;34;1;2;1
15242;53;11;2;1;99999
15242;53;8;2;1;99999
15242;53;6;2;1;99999
15261;53;65;2;1;1
15261;53;32;2;1;1
15261;53;12;2;1;99999
15261;53;10;1;4;99999
15261;53;1;1;1;99999
15296;53;75;1;2;1
15341;53;41;2;5;1
15341;53;25;2;1;1
15341;53;20;2;4;1
15341;53;71;2;4;1
15353;53;54;1;4;1
15353;53;52;2;4;1
15353;53;28;1;4;1
15353;53;26;2;1;1
15353;53;28;1;1;1
15353;53;7;1;1;99999
15353;53;5;2;4;99999
15353;53;1;1;1;99999
15353;53;0;2;1;99999
15369;53;88;1;4;1
15369;53;83;2;1;1
15370;53;61;1;1;1
15383;53;58;1;2;1
15383;53;64;2;1;1
15383;53;32;1;2;1
15391;53;40;1;2;1
15391;53;35;2;2;1
15391;53;21;1;2;1
15391;53;12;2;2;99999
15395;53;77;2;4;1
15395;53;19;1;1;1
15407;53;58;2;4;1
15424;53;45;1;2;1
15424;53;42;2;4;1
15424;53;24;2;4;1
15424;53;17;2;4;99999
15482;53;49;1;4;1
15482;53;27;2;2;1
15482;53;7;1;4;99999
15485;53;78;1;1;1
15485;53;70;2;1;1
15505;53;41;2;1;1
15505;53;23;1;1;1
15505;53;73;2;1;1
15523;53;63;2;4;1
15523;53;70;1;4;1
15523;53;46;2;4;1
15523;53;9;1;4;99999
15541;53;60;1;4;1
15541;53;23;1;4;1
15557;53;67;2;1;1
15557;53;28;2;1;1
15574;53;21;1;1;1
15574;53;41;1;1;1
15580;53;42;1;4;1
15580;53;27;2;4;1
15580;53;5;2;4;99999
15589;53;56;2;1;1
15589;53;52;1;4;1
15615;53;73;2;4;1
15615;53;49;1;4;1
15633;53;60;1;4;1
15633;53;16;1;4;99999
15634;53;60;2;2;1
15634;53;55;1;2;1
15671;53;71;1;2;1
15671;53;66;2;2;1
15671;53;53;2;2;1
15671;53;21;2;2;1
15671;53;19;2;2;1
15671;53;8;2;2;99999
15671;53;21;1;2;1
15671;53;84;1;1;1
15796;53;32;2;2;1
15796;53;7;1;4;99999
15796;53;6;2;2;99999
15796;53;0;1;4;99999
15797;53;60;2;1;1
15797;53;38;1;4;1
15797;53;17;2;4;99999
15804;53;29;2;1;1
15804;53;49;1;1;1
15804;53;5;2;1;99999
15842;53;51;1;4;1
15842;53;46;2;4;1
15842;53;14;2;5;99999
15842;53;18;1;4;1
15842;53;30;1;4;1
15873;53;40;1;1;1
15873;53;47;2;2;1
15873;53;2;2;1;99999
15884;53;29;1;1;1
15884;53;26;2;1;1
15884;53;0;2;1;99999
15919;53;52;1;4;1
15920;53;54;1;1;1
15920;53;42;2;1;1
15920;53;23;1;4;1
15920;53;26;1;1;1
15920;53;22;2;1;1
15982;53;58;2;1;1
16017;53;33;1;4;1
16027;53;50;1;1;1
16027;53;49;2;2;1
16027;53;20;2;1;1
16027;53;24;2;1;1
16033;53;51;2;4;1
16033;53;12;2;1;99999
16072;53;42;1;1;1
16072;53;40;2;1;1
16072;53;12;1;1;99999
16072;53;10;1;1;99999
16175;53;58;2;1;1
16175;53;13;1;4;99999
16237;53;46;1;1;1
16237;53;45;2;2;1
16237;53;24;1;1;1
16248;53;73;2;1;1
16248;53;26;1;1;1
16248;53;19;1;1;1
16251;53;47;1;1;1
16251;53;49;2;2;1
16251;53;20;1;4;1
16251;53;14;1;1;99999
16251;53;12;2;4;99999
16259;53;61;2;4;1
16259;53;63;1;4;1
16262;53;38;2;4;1
16262;53;45;1;4;1
16262;53;24;2;2;1
16262;53;16;2;4;99999
16262;53;11;2;4;99999
16262;53;8;1;4;99999
16290;53;32;2;4;1
16290;53;34;1;3;1
16290;53;11;1;3;99999
16290;53;3;1;4;99999
16330;53;32;1;1;1
16330;53;42;2;4;1
16330;53;24;1;4;1
16330;53;21;1;1;1
16336;53;76;2;4;1
16336;53;52;2;4;1
16442;53;39;1;1;1
16442;53;40;2;2;1
16442;53;2;1;4;99999
16442;53;3;2;1;99999
16467;53;80;1;1;1
16467;53;32;1;1;1
16467;53;22;1;4;1
16467;53;11;1;4;99999
16467;53;8;1;4;99999
16487;53;53;2;1;1
16487;53;60;1;1;1
16487;53;26;2;1;1
16513;53;54;2;1;1
16513;53;59;1;1;1
16513;53;23;1;1;1
16524;53;80;2;4;1
16534;53;46;1;2;1
16534;53;36;2;3;1
16534;53;6;1;1;99999
16545;53;62;1;2;2
16553;53;79;2;1;1
16553;53;42;2;1;1
16561;53;37;2;4;1
16561;53;52;1;1;1
16561;53;10;1;4;99999
16561;53;10;1;4;99999
16569;53;60;1;1;1
16569;53;56;2;4;1
16569;53;32;2;1;1
16611;53;18;2;4;1
16611;53;40;2;4;1
16611;53;19;2;4;1
16612;53;38;1;2;1
16612;53;36;2;4;1
16615;53;26;2;4;1
16615;53;3;2;4;99999
16615;53;5;1;4;99999
16623;53;59;2;4;1
16623;53;27;1;4;1
16623;53;18;1;4;1
16641;53;30;1;3;1
16688;53;73;1;4;1
16688;53;69;2;4;1
16688;53;45;1;4;1
16688;53;42;2;1;1
16688;53;10;1;4;99999
16688;53;9;1;1;99999
16748;53;58;1;4;1
16749;53;43;1;1;1
16749;53;45;2;4;1
16749;53;23;2;1;1
16749;53;8;2;1;99999
16784;53;26;2;2;1
16784;53;63;1;1;1
16784;53;50;2;2;1
16816;53;50;2;2;1
16816;53;19;1;2;1
16839;53;58;1;2;1
16844;53;28;2;1;1
16870;53;38;1;1;1
16870;53;36;2;4;1
16870;53;17;1;4;99999
16870;53;7;1;4;99999
16880;53;65;1;2;1
16880;53;62;2;2;1
16883;53;57;1;1;1
16883;53;53;2;1;1
16883;53;17;2;1;99999
16891;53;64;2;4;1
16933;53;73;2;4;1
16933;53;71;2;4;1
16936;53;43;1;1;1
16936;53;39;2;1;1
16936;53;3;1;1;99999
16968;53;23;1;4;1
16968;53;20;2;4;1
16978;53;75;2;1;1
16978;53;76;1;1;1
16990;53;46;2;4;1
16990;53;14;2;1;99999
17005;53;75;2;1;1
17073;53;61;1;1;1
17073;53;61;2;4;1
17077;53;41;1;1;1
17077;53;40;2;1;1
17077;53;15;2;1;99999
17087;53;62;1;4;1
17087;53;49;2;1;1
17087;53;9;1;1;99999
17095;53;59;1;4;1
17095;53;44;2;4;1
17095;53;12;1;4;99999
17114;53;81;1;2;1
17114;53;75;2;2;1
17117;53;49;1;1;1
17117;53;47;2;1;1
17117;53;17;1;1;99999
17119;53;65;2;1;1
17119;53;53;1;4;1
17119;53;39;1;1;1
17153;53;59;2;1;1
17153;53;48;1;1;1
17175;53;29;2;2;1
17175;53;29;1;2;1
17175;53;7;2;2;99999
17175;53;5;2;2;99999
17177;53;31;2;4;1
17177;53;27;1;4;1
17177;53;26;2;4;1
17177;53;57;2;4;1
17228;53;43;1;4;1
17228;53;36;2;1;1
17228;53;18;1;1;1
17228;53;14;1;4;99999
17228;53;12;1;1;99999
17235;53;34;2;4;1
17235;53;16;2;3;99999
17235;53;14;1;4;99999
17254;53;71;2;1;1
17269;53;62;2;4;1
17328;53;29;1;1;1
17369;53;23;1;4;1
17369;53;24;2;4;1
17369;53;3;2;4;99999
17383;53;45;2;2;1
17383;53;45;1;1;1
17383;53;16;2;1;99999
17383;53;15;1;2;99999
17395;53;25;1;1;1
17395;53;22;2;4;1
17396;53;29;1;1;1
17396;53;28;2;1;1
17429;53;62;2;1;1
17429;53;72;1;3;1
17430;53;62;1;2;1
17430;53;82;2;4;1
17440;53;70;2;1;1
17440;53;31;1;1;1
17443;53;60;2;1;1
17443;53;64;1;1;1
17449;53;67;2;2;1
17449;53;39;1;4;1
17449;53;47;1;4;1
17488;53;82;1;2;1
17488;53;78;2;1;1
17488;53;40;1;2;1
17488;53;39;2;1;1
17500;53;65;1;4;1
17500;53;47;2;4;1
17500;53;10;1;4;99999
17500;53;8;1;4;99999
17505;53;34;2;4;1
17505;53;40;1;4;1
17505;53;3;1;1;99999
17508;53;21;1;4;1
17508;53;22;2;4;1
17519;53;76;2;1;1
17519;53;63;2;5;1
17531;53;33;1;1;1
17531;53;32;2;1;1
17541;53;32;2;4;1
17541;53;6;2;1;99999
17541;53;4;2;1;99999
17541;53;3;1;4;99999
17563;53;57;1;1;1
17563;53;51;2;1;1
17563;53;30;1;1;1
17618;53;32;1;1;1
17650;53;49;2;1;1
17677;53;40;1;4;1
17677;53;37;2;4;1
17677;53;16;1;4;99999
17677;53;6;2;4;99999
17749;53;47;2;1;1
17749;53;22;2;1;1
17749;53;24;2;4;1
17749;53;28;2;4;1
17749;53;5;1;4;99999
17757;53;62;1;1;1
17757;53;63;2;1;1
17795;53;63;2;4;1
17819;53;44;2;1;1
17846;53;77;2;4;1
17846;53;38;1;4;1
17860;53;46;1;4;1
17860;53;25;1;2;1
17873;53;57;1;4;1
17882;53;34;2;1;1
17882;53;14;2;2;99999
17882;53;6;1;4;99999
17891;53;84;2;3;1
17891;53;67;2;3;1
17947;53;51;2;4;1
17961;53;55;1;1;1
17987;53;54;2;4;1
17987;53;24;2;4;1
17990;53;32;1;1;1
17990;53;64;1;1;1
17990;53;64;2;1;1
18000;53;56;2;4;1
18000;53;56;1;2;1
18000;53;28;2;2;1
18000;53;20;2;2;1
18006;53;52;2;2;1
18006;53;26;1;2;1
18006;53;21;2;2;1
18071;53;15;1;4;99999
18072;53;50;2;1;1
18072;53;51;1;2;1
18072;53;18;1;1;1
18072;53;51;1;1;1
18083;53;49;2;4;1
18083;53;19;1;1;1
18083;53;28;2;1;1
18088;53;55;1;4;1
18091;53;49;2;1;1
18092;53;57;1;1;1
18093;53;52;2;2;1
18093;53;13;1;2;99999
18120;53;18;2;4;1
18120;53;43;2;4;1
18120;53;20;1;4;1
18120;53;14;2;4;99999
18195;53;62;1;1;1
18195;53;64;2;1;1
18195;53;70;2;1;1
18195;53;72;2;4;1
18200;53;55;2;4;1
18200;53;21;2;4;1
18200;53;17;2;1;99999
18200;53;13;2;1;99999
18220;53;61;2;1;1
18220;53;62;1;4;1
18220;53;27;1;1;1
18280;53;44;1;2;1
18280;53;21;1;2;1
18280;53;59;1;2;1
18386;53;44;2;1;1
18386;53;21;2;1;1
18386;53;21;1;1;1
18391;53;23;2;2;1
18391;53;24;1;2;1
18441;53;37;2;1;1
18441;53;23;1;1;1
18447;53;21;2;4;1
18447;53;25;2;1;1
18447;53;19;1;4;1
18447;53;61;1;4;1
18496;53;76;2;1;1
18503;53;66;1;1;1
18503;53;59;2;1;1
18516;53;25;2;4;1
18516;53;35;1;4;1
18516;53;4;1;1;99999
18541;53;41;1;4;1
18541;53;20;1;4;1
18545;53;45;2;4;1
18545;53;48;1;4;1
18545;53;14;1;2;99999
18545;53;13;1;2;99999
18554;53;55;2;4;1
18569;53;53;2;1;1
18569;53;51;1;4;1
18580;53;63;1;4;1
18580;53;62;2;1;1
18608;53;50;1;3;1
18608;53;7;1;3;99999
18622;53;62;2;1;1
18622;53;70;1;1;1
18622;53;23;1;1;1
18622;53;30;1;1;1
18622;53;23;2;1;1
18625;53;51;2;4;1
18625;53;26;2;1;1
18646;53;43;1;2;1
18646;53;47;2;4;1
18646;53;17;1;4;99999
18673;53;59;1;4;1
18673;53;27;1;1;1
18673;53;54;2;1;1
18673;53;22;2;1;1
18692;53;48;2;4;1
18692;53;78;2;2;1
18692;53;17;1;2;99999
18696;53;73;1;4;1
18702;53;37;2;4;1
18702;53;36;1;1;1
18706;53;45;1;1;1
18706;53;50;2;1;1
18706;53;16;1;1;99999
18706;53;13;1;1;99999
18717;53;74;1;2;1
18717;53;67;2;4;1
18717;53;50;1;2;1
18717;53;40;2;1;1
18730;53;62;2;1;1
18730;53;34;1;4;1
18730;53;13;2;4;99999
18750;53;60;2;1;1
18750;53;56;1;1;1
18769;53;71;2;1;1
18769;53;63;2;4;1
18831;53;52;2;4;1
18831;53;63;1;4;1
18856;53;68;1;4;1
18856;53;61;2;2;1
18856;53;18;2;4;1
18867;53;56;2;1;1
18867;53;33;2;4;1
18896;53;53;2;1;1
18896;53;18;2;4;1
18896;53;14;1;1;99999
18896;53;6;1;1;99999
18896;53;49;1;4;1
18899;53;60;2;4;1
18899;53;20;1;4;1
18899;53;2;1;4;99999
18939;53;37;2;4;1
18939;53;39;1;1;1
18939;53;2;2;4;99999
18939;53;10;1;4;99999
18954;53;49;1;4;1
18954;53;47;2;4;1
18954;53;19;1;4;1
18954;53;25;2;4;1
18959;53;44;2;4;1
18959;53;15;2;4;99999
18985;53;27;2;4;1
18985;53;29;1;1;1
18985;53;9;1;1;99999
18985;53;2;1;1;99999
18987;53;74;2;4;1
18987;53;54;1;4;1
18988;53;73;2;4;1
18988;53;11;1;1;99999
18988;53;4;2;1;99999
19012;53;41;1;2;1
19012;53;39;2;2;1
19012;53;3;2;4;99999
19030;53;54;2;1;1
19030;53;53;1;1;1
19030;53;27;1;1;1
19042;53;71;2;1;1
19042;53;45;2;4;1
19042;53;17;2;1;99999
19046;53;83;1;1;1
19046;53;80;2;3;1
19094;53;70;1;2;1
19094;53;66;2;1;1
19094;53;33;1;4;1
19094;53;32;2;4;1
19094;53;9;2;4;99999
19121;53;44;2;5;1
19123;53;43;1;2;1
19123;53;42;2;1;1
19127;53;49;1;1;1
19127;53;14;2;1;99999
19127;53;45;2;4;1
19127;53;24;1;4;1
19168;53;54;2;2;1
19208;53;63;2;1;1
19208;53;22;1;1;1
19208;53;8;2;1;99999
19235;53;51;2;1;1
19235;53;54;1;1;1
19277;53;52;2;1;1
19290;53;38;2;1;1
19290;53;15;1;3;99999
19300;53;57;2;2;1
19300;53;32;1;2;1
19318;53;40;1;1;1
19318;53;40;2;1;1
19318;53;64;2;1;1
19318;53;5;2;1;99999
19318;53;0;1;1;99999
19319;53;64;1;4;2
19319;53;61;2;4;1
19319;53;22;2;4;1
19332;53;47;1;1;1
19332;53;39;2;4;1
19332;53;13;1;1;99999
19332;53;6;2;1;99999
19353;53;24;1;4;1
19353;53;43;2;4;1
19353;53;53;1;1;1
19390;53;23;2;2;1
19390;53;24;1;4;1
19390;53;15;1;2;99999
19390;53;5;2;4;99999
19390;53;1;2;2;99999
19398;53;41;2;1;1
19398;53;15;2;1;99999
19398;53;10;1;4;99999
19398;53;8;1;4;99999
19421;53;52;2;4;1
19450;53;67;2;4;1
19470;53;52;2;4;1
19470;53;17;1;4;99999
19470;53;14;1;4;99999
19472;53;51;1;1;1
19472;53;46;2;1;1
19472;53;17;1;1;99999
19481;53;18;1;4;1
19481;53;22;1;4;1
19509;53;84;2;4;1
19509;53;18;1;4;1
19509;53;55;2;4;1
19587;53;51;2;4;1
19587;53;61;1;1;1
19604;53;54;1;1;1
19604;53;62;2;4;1
19604;53;27;2;1;1
19604;53;23;1;4;1
19625;53;59;2;4;1
19625;53;22;1;4;1
19653;53;46;2;4;1
19653;53;10;2;4;99999
19653;53;21;2;4;1
19662;53;41;1;1;1
19662;53;42;2;1;1
19662;53;14;1;1;99999
19662;53;11;2;1;99999
19664;53;54;1;1;1
19664;53;41;2;4;1
19664;53;11;2;4;99999
19681;53;21;1;1;1
19681;53;59;1;1;1
19681;53;60;2;2;1
19702;53;41;2;4;1
19702;53;41;1;2;1
19702;53;19;2;1;1
19702;53;14;1;4;99999
19702;53;13;1;4;99999
19702;53;8;1;4;99999
19703;53;44;2;2;1
19703;53;5;1;2;99999
19743;53;38;1;2;1
19752;53;33;1;4;1
19752;53;28;2;3;1
19752;53;24;1;2;1
19752;53;14;2;1;99999
19752;53;9;1;3;99999
19762;53;43;2;1;1
19762;53;44;1;3;1
19762;53;9;1;3;99999
19762;53;7;2;3;99999
19764;53;61;2;1;1
19764;53;62;1;1;1
19778;53;47;1;1;1
19778;53;45;2;1;1
19778;53;12;2;1;99999
19787;53;87;2;4;1
19787;53;61;2;4;1
19794;53;62;2;2;1
19794;53;58;1;4;1
19804;53;51;1;4;1
19804;53;40;2;4;1
19804;53;14;1;4;99999
19813;53;78;1;3;1
19820;53;70;2;4;1
19820;53;35;1;1;1
19829;53;50;2;4;1
19829;53;23;1;4;1
19829;53;19;1;1;1
19829;53;12;1;4;99999
19838;53;36;2;2;1
19838;53;41;1;1;1
19838;53;19;1;4;1
19838;53;5;2;1;99999
19838;53;4;2;2;99999
19876;53;16;1;1;99999
19876;53;38;2;1;1
19876;53;10;1;1;99999
19908;53;41;2;4;1
19908;53;89;1;4;1
19958;53;74;2;1;1
19987;53;69;1;1;1
20007;53;41;1;1;1
20007;53;37;2;4;1
20007;53;11;1;1;99999
20007;53;4;2;4;99999
20008;53;57;1;2;1
20068;53;64;2;4;1
20076;53;25;2;4;1
20076;53;57;2;4;1
20076;53;26;2;4;1
20076;53;27;1;4;1
20076;53;4;1;4;99999
20076;53;2;2;4;99999
20076;53;1;1;4;99999
20082;53;34;2;2;1
20082;53;4;1;4;99999
20089;53;48;1;1;1
20089;53;50;2;4;1
20089;53;48;1;4;1
20143;53;38;2;1;1
20143;53;23;2;4;1
20143;53;21;1;1;1
20143;53;18;2;1;1
20143;53;7;2;4;99999
20158;53;49;2;4;1
20158;53;52;1;4;1
20158;53;29;2;2;1
20158;53;20;1;4;1
20163;53;60;2;1;1
20240;53;60;2;1;1
20245;53;53;1;1;1
20245;53;51;2;1;1
20245;53;16;2;1;99999
20255;53;70;1;1;1
20263;53;53;2;4;1
20263;53;75;1;4;1
20273;53;48;2;1;1
20273;53;16;1;4;99999
20273;53;8;2;4;99999
20321;53;62;2;1;1
20321;53;49;2;4;1
20321;53;13;1;4;99999
20322;53;68;2;1;1
20333;53;47;1;4;1
20340;53;60;2;1;1
20340;53;22;2;4;1
20340;53;22;2;4;1
20379;53;52;1;4;1
20401;53;73;1;1;1
20401;53;50;2;4;1
20403;53;56;1;2;1
20403;53;82;2;2;1
20403;53;53;1;2;1
20416;53;39;2;4;1
20416;53;63;1;1;1
20444;53;40;2;2;1
20444;53;37;1;4;1
20444;53;15;1;2;99999
20444;53;9;2;2;99999
20462;53;72;2;1;1
20496;53;41;2;1;1
20496;53;42;1;1;1
20513;53;40;1;1;1
20513;53;37;2;4;1
20513;53;74;2;1;1
20513;53;11;1;4;99999
20570;53;63;2;4;1
20571;53;50;2;4;1
20571;53;53;1;1;1
20571;53;26;1;4;1
20571;53;15;2;1;99999
20592;53;65;1;1;1
20592;53;61;2;1;1
20653;53;35;2;4;1
20653;53;28;1;2;1
20653;53;7;1;4;99999
20654;53;54;1;4;1
20654;53;46;2;4;1
20654;53;10;2;4;99999
20695;53;38;2;1;1
20695;53;46;1;2;1
20695;53;17;2;2;99999
20695;53;15;1;4;99999
20695;53;14;1;4;99999
20695;53;9;2;4;99999
20738;53;33;1;1;1
20738;53;43;2;2;1
20738;53;7;1;1;99999
20738;53;5;2;4;99999
20795;53;29;1;1;1
20795;53;28;2;1;1
20807;53;25;2;4;1
20807;53;28;1;1;1
20818;53;66;2;1;1
20873;53;28;2;4;1
20873;53;23;1;4;1
20873;53;17;2;1;99999
20873;53;16;1;4;99999
20873;53;2;1;4;99999
20873;53;3;1;4;99999
20950;53;44;1;2;1
20950;53;40;2;1;1
20950;53;12;1;2;99999
20950;53;6;2;2;99999
21033;53;50;1;2;1
21033;53;48;2;4;1
21051;53;31;2;1;1
21051;53;31;1;4;1
21051;53;7;1;1;99999
21065;53;47;1;2;1
21065;53;48;2;4;1
21065;53;15;1;2;99999
21065;53;25;1;2;1
21103;53;46;2;1;1
21130;53;23;1;1;1
21130;53;39;2;1;1
21130;53;55;1;4;1
21163;53;60;2;1;1
21163;53;29;1;1;1
21170;53;31;2;4;1
21170;53;38;1;4;1
21170;53;12;2;2;99999
21170;53;3;2;1;99999
21190;53;38;2;4;1
21190;53;37;1;4;1
21190;53;14;1;4;99999
21190;53;8;2;4;99999
21196;53;63;1;4;1
21196;53;60;2;4;1
21196;53;32;2;4;1
21196;53;25;1;4;1
21208;53;48;1;4;1
21216;53;18;2;1;1
21216;53;48;1;4;1
21216;53;37;2;1;1
21216;53;17;1;2;99999
21242;53;23;1;4;1
21242;53;20;2;5;1
21242;53;3;1;4;99999
21291;53;35;2;4;1
21291;53;38;1;1;1
21291;53;14;2;4;99999
21291;53;7;1;1;99999
21306;53;59;1;4;1
21351;53;51;1;4;1
21351;53;44;2;4;1
21351;53;19;1;1;1
21381;53;35;1;4;1
21381;53;36;2;4;1
21381;53;13;1;1;99999
21381;53;9;2;4;99999
21381;53;5;2;1;99999
21401;53;51;2;2;1
21401;53;46;1;2;1
21404;53;26;1;4;1
21404;53;26;1;4;1
21428;53;64;1;4;1
21449;53;66;2;1;1
21461;53;44;1;4;1
21461;53;40;2;4;1
21461;53;5;2;4;99999
21490;53;64;1;1;1
21490;53;63;2;1;1
21490;53;33;1;1;1
21503;53;45;1;4;1
21503;53;46;2;4;1
21503;53;9;2;4;99999
21534;53;33;1;4;1
21534;53;35;1;1;1
21536;53;56;2;4;1
21536;53;59;1;1;1
21536;53;30;2;1;1
21536;53;26;1;1;1
21536;53;29;1;1;1
21565;53;38;1;2;1
21565;53;37;2;2;1
21571;53;29;2;3;1
21571;53;34;1;2;1
21571;53;8;2;3;99999
21571;53;6;2;3;99999
21575;53;54;1;1;1
21575;53;53;2;3;1
21575;53;25;2;1;1
21590;53;58;2;4;1
21590;53;59;1;1;1
21590;53;29;1;1;1
21629;53;30;2;2;1
21639;53;43;2;1;1
21757;53;55;1;1;1
21757;53;74;2;1;1
21757;53;30;1;1;1
21761;53;41;2;3;1
21761;53;17;2;4;99999
21761;53;12;2;4;99999
21765;53;60;2;4;1
21778;53;67;2;4;1
21778;53;68;1;4;1
21778;53;20;1;4;1
21837;53;59;2;4;1
21837;53;24;2;1;1
21852;53;50;2;3;1
21862;53;57;1;1;1
21862;53;62;2;1;1
21885;53;66;1;4;1
21885;53;63;2;4;1
21885;53;33;2;4;1
21885;53;41;1;4;1
21885;53;38;1;4;1
21885;53;17;1;4;99999
21885;53;13;2;4;99999
21885;53;6;2;4;99999
21894;53;49;1;1;1
21894;53;47;2;1;1
21894;53;9;2;1;99999
21915;53;65;1;4;1
21990;53;43;2;1;1
21990;53;14;1;1;99999
22036;53;77;2;1;1
22111;53;35;2;4;1
22130;53;79;2;1;1
22130;53;20;1;4;1
22134;53;54;1;4;1
22134;53;56;2;1;1
22134;53;22;2;1;1
22145;53;44;1;1;1
22145;53;30;2;1;1
22145;53;17;1;1;99999
22153;53;62;2;4;1
22153;53;64;1;4;1
22153;53;24;2;4;1
22153;53;10;1;4;99999
22153;53;0;1;4;99999
22153;53;48;1;4;1
22154;53;71;2;1;1
22154;53;70;1;4;1
22241;53;83;1;1;1
22241;53;76;2;1;1
22241;53;57;1;1;1
22258;53;37;1;4;1
22258;53;29;2;1;1
22258;53;12;1;1;99999
22258;53;9;2;4;99999
22258;53;7;2;4;99999
22258;53;2;2;4;99999
22275;53;29;2;2;1
22275;53;34;1;4;1
22275;53;4;2;4;99999
22307;53;35;2;1;1
22314;53;14;2;4;99999
22314;53;37;2;4;1
22314;53;18;2;4;1
22314;53;5;2;1;99999
22334;53;72;1;4;1
22334;53;61;2;4;1
22334;53;6;1;4;99999
22407;53;32;2;1;1
22407;53;31;1;4;1
22407;53;0;1;1;99999
22408;53;54;2;1;1
22408;53;24;1;4;1
22435;53;65;2;1;1
22435;53;66;1;1;1
22440;53;59;1;2;1
22482;53;42;1;2;1
22482;53;46;2;4;1
22482;53;16;2;1;99999
22482;53;9;2;2;99999
22491;53;48;2;4;1
22491;53;25;2;4;1
22491;53;17;2;4;99999
22563;53;46;2;1;1
22563;53;51;1;1;1
22563;53;10;2;1;99999
22563;53;7;1;1;99999
22563;53;18;1;1;1
22565;53;31;1;4;1
22565;53;29;2;4;1
22565;53;11;1;4;99999
22565;53;2;2;4;99999
22569;53;43;1;1;1
22569;53;43;2;4;1
22569;53;20;1;4;1
22569;53;5;2;1;99999
22628;53;66;1;1;1
22628;53;68;2;1;1
22644;53;75;2;1;1
22644;53;41;1;1;1
22644;53;39;1;1;1
22669;53;71;2;4;1
22759;53;67;1;2;1
22759;53;63;2;1;1
22761;53;67;2;4;1
22761;53;46;1;4;1
22773;53;70;1;4;1
22773;53;71;2;4;1
22773;53;40;2;4;1
22777;53;56;2;4;1
22777;53;62;1;4;1
22794;53;71;1;1;1
22802;53;23;2;4;1
22802;53;27;2;4;1
22840;53;29;2;4;1
22840;53;32;2;4;99999
22892;53;63;2;2;1
22892;53;72;1;1;1
22893;53;39;1;4;1
22893;53;56;1;4;1
22905;53;42;1;1;1
22905;53;36;2;4;1
22905;53;5;2;4;99999
22905;53;2;2;1;99999
22928;53;32;1;4;1
22928;53;25;1;4;1
22933;53;32;1;4;1
22939;53;65;2;1;1
22939;53;31;2;1;1
22939;53;40;2;1;1
22939;53;18;2;1;1
22949;53;68;1;4;1
22949;53;62;2;4;1
22949;53;35;2;1;1
22984;53;52;1;4;1
22984;53;44;2;1;1
22984;53;16;2;4;99999
23024;53;58;1;2;1
23024;53;56;2;4;1
23024;53;26;1;4;1
23024;53;20;2;4;1
23046;53;52;2;4;1
23046;53;59;1;4;1
23046;53;28;2;4;1
23046;53;25;2;4;1
23046;53;10;2;4;99999
23054;53;38;2;4;1
23054;53;16;2;4;99999
23054;53;13;2;4;99999
23054;53;9;2;4;99999
23060;53;52;2;1;1
23060;53;54;1;1;1
23065;53;56;1;1;1
23065;53;58;2;1;1
23081;53;55;2;1;1
23081;53;50;1;4;1
23106;53;73;2;1;1
23128;53;25;2;2;1
23142;53;49;1;4;1
23153;53;44;2;4;1
23153;53;12;2;4;99999
23153;53;4;1;4;99999
23181;53;38;2;1;1
23181;53;3;1;1;99999
23193;53;38;2;1;1
23193;53;43;1;1;1
23193;53;11;2;1;99999
23193;53;9;2;1;99999
23195;53;60;1;1;1
23195;53;45;2;1;1
23195;53;25;1;1;1
23205;53;67;1;4;1
23205;53;57;2;1;1
23260;53;47;2;4;1
23260;53;26;2;4;1
23260;53;5;1;4;99999
23283;53;46;2;1;1
23302;53;45;1;4;1
23302;53;36;2;4;1
23302;53;14;2;4;99999
23314;53;36;2;2;1
23317;53;57;1;4;1
23317;53;63;2;4;1
23317;53;25;2;1;1
23365;53;33;2;4;1
23365;53;9;2;1;99999
23365;53;4;2;4;99999
23368;53;31;2;4;1
23368;53;6;2;4;99999
23368;53;4;2;4;99999
23379;53;20;1;4;1
23408;53;62;2;4;1
23408;53;88;1;4;1
23408;53;82;2;1;1
23408;53;57;2;4;1
23450;53;60;2;4;1
23450;53;44;1;1;1
23456;53;24;1;1;1
23456;53;23;2;2;1
23456;53;5;2;1;99999
23472;53;35;2;4;1
23472;53;42;1;4;1
23472;53;18;2;4;1
23472;53;13;1;2;99999
23501;53;70;2;2;1
23501;53;68;1;2;1
23501;53;40;2;2;1
23524;53;81;2;1;1
23524;53;30;1;1;1
23524;53;56;1;1;1
23536;53;44;2;4;1
23536;53;48;1;4;1
23536;53;9;2;4;99999
23536;53;4;1;4;99999
23536;53;26;2;4;1
23546;53;65;1;4;1
23551;53;51;1;1;1
23551;53;39;2;1;1
23551;53;24;2;1;1
23551;53;18;1;1;1
23556;53;49;1;2;1
23556;53;43;2;1;1
23556;53;20;2;1;1
23563;53;45;1;2;1
23563;53;61;2;1;1
23563;53;22;1;1;1
23584;53;70;1;4;1
23584;53;32;2;4;1
23584;53;72;2;4;1
23584;53;12;1;4;99999
23584;53;4;1;4;99999
23584;53;8;1;4;99999
23622;53;70;2;4;1
23622;53;49;2;4;1
23622;53;23;2;4;1
23634;53;30;2;2;1
23634;53;27;1;4;1
23634;53;9;1;4;99999
23634;53;5;2;4;99999
23634;53;2;1;4;99999
23646;53;60;1;1;1
23646;53;36;2;4;1
23646;53;15;2;4;99999
23646;53;8;2;1;99999
23666;53;31;1;2;1
23666;53;27;2;4;1
23666;53;6;1;4;99999
23666;53;8;2;2;99999
23685;53;73;2;1;1
23685;53;60;2;1;1
23693;53;49;2;1;1
23693;53;21;2;1;1
23693;53;75;2;1;1
23699;53;42;1;4;1
23699;53;40;2;4;1
23699;53;14;2;4;99999
23699;53;13;2;4;99999
23721;53;49;2;2;1
23721;53;30;1;2;1
23751;53;28;2;1;1
23751;53;32;1;1;1
23815;53;40;1;2;1
23815;53;36;2;1;1
23827;53;34;2;4;1
23827;53;16;2;4;99999
23827;53;13;2;4;99999
23827;53;8;1;4;99999
23830;53;77;2;1;1
23830;53;83;1;1;1
23846;53;22;1;4;1
23846;53;39;2;4;1
23851;53;49;2;2;1
23851;53;47;1;2;1
23882;53;28;1;1;1
23882;53;28;2;4;1
23882;53;6;1;1;99999
23901;53;62;1;4;1
23901;53;21;1;1;1
23951;53;46;1;1;1
23951;53;21;1;4;1
23952;53;57;1;4;1
23952;53;59;1;4;1
23952;53;39;1;4;1
23953;53;80;2;1;1
23998;53;42;2;1;1
23998;53;43;1;4;1
23998;53;18;1;1;1
24016;53;53;1;4;1
24053;53;36;2;4;1
24053;53;35;1;4;1
24053;53;57;2;4;1
24053;53;80;1;4;1
24053;53;4;2;4;99999
24082;53;38;1;2;1
24082;53;24;2;4;1
24082;53;13;1;2;99999
24082;53;10;2;4;99999
24082;53;2;2;4;99999
24084;53;42;2;1;1
24084;53;61;2;1;1
24084;53;43;1;1;1
24084;53;7;1;4;99999
24087;53;49;1;4;1
24087;53;48;2;1;1
24087;53;24;1;1;1
24087;53;20;2;4;1
24091;53;49;1;4;1
24098;53;45;2;1;1
24108;53;40;2;2;1
24108;53;13;2;2;99999
24133;53;68;2;1;1
24133;53;72;1;1;1
24139;53;26;1;1;1
24139;53;29;2;4;1
24139;53;3;1;4;99999
24148;53;45;1;4;1
24148;53;43;2;1;1
24150;53;36;1;1;1
24175;53;71;2;1;1
24175;53;102;2;1;1
24175;53;33;1;1;1
24175;53;36;2;4;1
24188;53;46;2;4;1
24188;53;16;2;4;99999
24189;53;54;2;4;1
24189;53;58;1;4;1
24189;53;30;2;4;1
24189;53;4;1;4;99999
24200;53;57;2;4;1
24200;53;32;1;2;1
24200;53;12;2;4;99999
24200;53;9;1;2;99999
24218;53;58;1;1;1
24218;53;49;2;4;1
24218;53;33;2;1;1
24218;53;5;1;1;99999
24228;53;40;1;4;1
24228;53;28;2;4;1
24228;53;7;2;4;99999
24228;53;2;1;4;99999
24243;53;36;2;1;1
24243;53;37;1;4;1
24243;53;18;2;4;1
24243;53;8;1;2;99999
24243;53;2;2;1;99999
24266;53;65;2;2;1
24277;53;52;1;4;1
24277;53;51;2;1;1
24277;53;29;2;1;1
24277;53;5;2;1;99999
24297;53;39;1;2;1
24297;53;45;2;1;1
24312;53;19;1;1;1
24351;53;38;2;4;1
24351;53;17;1;4;99999
24354;53;68;2;4;1
24354;53;67;1;4;1
24378;53;67;1;2;1
24378;53;67;2;1;1
24382;53;49;1;4;1
24382;53;25;2;2;1
24382;53;48;2;4;1
24382;53;3;2;4;99999
24396;53;37;1;1;1
24396;53;49;2;1;1
24401;53;66;1;4;1
24401;53;63;2;1;1
24406;53;43;1;1;1
24425;53;34;2;4;1
24425;53;46;1;4;1
24425;53;17;2;1;99999
24425;53;16;2;2;99999
24434;53;64;1;4;1
24434;53;55;2;4;1
24434;53;26;1;4;1
24434;53;20;1;1;99999
24449;53;60;1;4;1
24449;53;56;2;1;1
24489;53;58;1;4;1
24489;53;54;2;4;1
24495;53;37;2;1;1
24495;53;10;1;1;99999
24495;53;5;1;1;99999
24526;53;69;1;2;1
24526;53;74;2;4;1
24526;53;36;2;4;1
24530;53;43;2;4;1
24530;53;59;1;1;1
24530;53;16;1;1;99999
24551;53;51;1;4;1
24551;53;44;2;1;1
24634;53;44;1;4;1
24634;53;43;2;1;1
24680;53;42;2;2;1
24680;53;24;2;1;1
24680;53;9;1;2;99999
24680;53;7;2;2;99999
24680;53;4;1;4;99999
24710;53;65;2;4;1
24710;53;20;1;4;1
24722;53;52;1;1;1
24722;53;52;2;4;1
24738;53;72;2;4;1
24738;53;37;2;1;1
24740;53;23;2;1;1
24740;53;23;1;2;1
24740;53;1;1;2;99999
24843;53;52;1;4;1
24843;53;48;2;4;1
